Workbook

Sheet CONTROL CALIBRACIONES
C1: CONTROL CALIBRACIÓN EQUIPOS E INSTRUMENTOS
C3: CODIGO | D3: OYS-FO-42 | F3: VERSION | G3: 05 | I3: FECHA | L3: 45950
C6: Fecha de actualización | E6: 45924
C9: CONTROL CALIBRACIÓN EQUIPOS E INSTRUMENTOS
A12: PLANTA
A13: IDENTIFICACIÓN | B13: EQUIPO / INSTRUMENTO | C13: FABRICANTE | D13: CERTIFICADO No. | E13: MODELO | F13: SERIE | G13: FECHA DE CALIBRACION | H13: FECHA PROXIMA CALIBRACIÓN | I13: ESTADO CALIBRACIÓN | J13: ESTADO FíSICO | K13: CERTIFICADOR | L13: RANGO | M13: ESTADO
A14: MAN-001 | B14: MANÓMETRO DIGITAL | C14: CRYSTAL | D14: MIS-LP-2025-01-0214 | E14: XP2i | F14: 357309 | G14: 45681 | H14: =+G14+365 -> 46046 | I14: =IF(H14<TODAY(),"VENCIDO",IF(H14-TODAY()<15,"PROXIMO A VENCER","CERTIFICADO")) -> CERTIFICADO | J14: BUENO | K14: METROLOGY | L14: 0-3000 psi | M14: =IF(AND(J14="MALO",OR(I14="CERTIFICADO",I14="PROXIMO A VENCER",I14="VENCIDO")),"🔴", IF(AND(J14="BUENO",OR(I14="CERTIFICADO",I14="PROXIMO A VENCER")),"🟢", IF(AND(J14="BUENO",I14="VENCIDO"),"🟡",""))) -> 🟢
A15: MAN-002 | B15: MANÓMETRO DIGITAL | C15: ADDITEL | D15: MIS-LP-2024-12-1761 | E15: 681 | F15: 211H200A0024 | G15: 45635 | H15: =+G15+365 -> 46000 | I15: =IF(H15<TODAY(),"VENCIDO",IF(H15-TODAY()<15,"PROXIMO A VENCER","CERTIFICADO")) -> CERTIFICADO | J15: BUENO | K15: METROLOGY | L15: 0-3000 psi | M15: =IF(AND(J15="MALO",OR(I15="CERTIFICADO",I15="PROXIMO A VENCER",I15="VENCIDO")),"🔴", IF(AND(J15="BUENO",OR(I15="CERTIFICADO",I15="PROXIMO A VENCER")),"🟢", IF(AND(J15="BUENO",I15="VENCIDO"),"🟡",""))) -> 🟢
A16: MAN-003 | B16: MANÓMETRO DIGITAL | C16: AMETEK CRYSTAL | D16: MIS-LP-2024-12-1618 | E16: XP2i | F16: 104696 | G16: 45628 | H16: =+G16+365 -> 45993 | I16: =IF(H16<TODAY(),"VENCIDO",IF(H16-TODAY()<15,"PROXIMO A VENCER","CERTIFICADO")) -> CERTIFICADO | J16: BUENO | K16: METROLOGY | L16: 0-5000 psi | M16: =IF(AND(J16="MALO",OR(I16="CERTIFICADO",I16="PROXIMO A VENCER",I16="VENCIDO")),"🔴", IF(AND(J16="BUENO",OR(I16="CERTIFICADO",I16="PROXIMO A VENCER")),"🟢", IF(AND(J16="BUENO",I16="VENCIDO"),"🟡",""))) -> 🟢
A17: MAN-004 | B17: MANÓMETRO Y TRANSMISOR DE BAJA PRESIÓN | C17: SIEMENS | D17: MIS-LP-2024-1440 | E17: D-76181 | F17: N1-T503-9508911 | G17: 45594 | H17: =+G17+365 -> 45959 | I17: =IF(H17<TODAY(),"VENCIDO",IF(H17-TODAY()<15,"PROXIMO A VENCER","CERTIFICADO")) -> VENCIDO | J17: BUENO | K17: METROLOGY | L17: 0-3,61 psi | M17: =IF(AND(J17="MALO",OR(I17="CERTIFICADO",I17="PROXIMO A VENCER",I17="VENCIDO")),"🔴", IF(AND(J17="BUENO",OR(I17="CERTIFICADO",I17="PROXIMO A VENCER")),"🟢", IF(AND(J17="BUENO",I17="VENCIDO"),"🟡",""))) -> 🟡
A18: MAN-005 | B18: MANÓMETRO DIGITAL | C18: AMETEK CRYSTAL | D18: 12652 | E18: XP2i | F18: 322944 | G18: 45775 | H18: =+G18+365 -> 46140 | I18: =IF(H18<TODAY(),"VENCIDO",IF(H18-TODAY()<15,"PROXIMO A VENCER","CERTIFICADO")) -> CERTIFICADO | J18: BUENO | K18: FLEXILATINA | L18: 0-1000 psi | M18: =IF(AND(J18="MALO",OR(I18="CERTIFICADO",I18="PROXIMO A VENCER",I18="VENCIDO")),"🔴", IF(AND(J18="BUENO",OR(I18="CERTIFICADO",I18="PROXIMO A VENCER")),"🟢", IF(AND(J18="BUENO",I18="VENCIDO"),"🟡",""))) -> 🟢
A19: MAN-006 | B19: MANÓMETRO DIGITAL | C19: WIKA | D19: N/A | E19: N/A | F19: N/A | G19: 0 | H19: 0 | I19: =IF(H19<TODAY(),"VENCIDO",IF(H19-TODAY()<15,"PROXIMO A VENCER","CERTIFICADO")) -> VENCIDO | J19: BUENO | K19: N/A | L19: N/A | M19: =IF(AND(J19="MALO",OR(I19="CERTIFICADO",I19="PROXIMO A VENCER",I19="VENCIDO")),"🔴", IF(AND(J19="BUENO",OR(I19="CERTIFICADO",I19="PROXIMO A VENCER")),"🟢", IF(AND(J19="BUENO",I19="VENCIDO"),"🟡",""))) -> 🟡
A20: FLX-001 | B20: FLEXÓMETRO | C20: TRUPER | D20: CD-10090 | E20: FH-5M | F20: UK 0126 0022 | G20: 45796 | H20: =+G20+365 -> 46161 | I20: =IF(H20<TODAY(),"VENCIDO",IF(H20-TODAY()<15,"PROXIMO A VENCER","CERTIFICADO")) -> CERTIFICADO | J20: BUENO | K20: METROTEST | L20: 5m | M20: =IF(AND(J20="MALO",OR(I20="CERTIFICADO",I20="PROXIMO A VENCER",I20="VENCIDO")),"🔴", IF(AND(J20="BUENO",OR(I20="CERTIFICADO",I20="PROXIMO A VENCER")),"🟢", IF(AND(J20="BUENO",I20="VENCIDO"),"🟡",""))) -> 🟢
A21: PDR-001 | B21: PIE DE REY DIGITAL | C21: INSIZE | D21: CD-10088 | E21: 1108-200 | F21: 1212181369 | G21: 45796 | H21: =+G21+365 -> 46161 | I21: =IF(H21<TODAY(),"VENCIDO",IF(H21-TODAY()<15,"PROXIMO A VENCER","CERTIFICADO")) -> CERTIFICADO | J21: BUENO | K21: METROTEST | L21: 0-200 mm | M21: =IF(AND(J21="MALO",OR(I21="CERTIFICADO",I21="PROXIMO A VENCER",I21="VENCIDO")),"🔴", IF(AND(J21="BUENO",OR(I21="CERTIFICADO",I21="PROXIMO A VENCER")),"🟢", IF(AND(J21="BUENO",I21="VENCIDO"),"🟡",""))) -> 🟢
A22: PDR-002 | B22: PIE DE REY DIGITAL | C22: MITUTOYO | D22: CD-10089 | E22: CD-6" CSX-B | F22: BH010822 | G22: 45796 | H22: =+G22+365 -> 46161 | I22: =IF(H22<TODAY(),"VENCIDO",IF(H22-TODAY()<15,"PROXIMO A VENCER","CERTIFICADO")) -> CERTIFICADO | J22: BUENO | K22: METROTEST | L22: 0-150 mm | M22: =IF(AND(J22="MALO",OR(I22="CERTIFICADO",I22="PROXIMO A VENCER",I22="VENCIDO")),"🔴", IF(AND(J22="BUENO",OR(I22="CERTIFICADO",I22="PROXIMO A VENCER")),"🟢", IF(AND(J22="BUENO",I22="VENCIDO"),"🟡",""))) -> 🟢
A23: THB-001 | B23: TERMOHIGROBAROMETRO | C23: TESTO | D23: HR-4914-25 // TE-8606-25 | E23: 622 | F23: 39536692/0323 | G23: 45695 | H23: =+G23+365 -> 46060 | I23: =IF(H23<TODAY(),"VENCIDO",IF(H23-TODAY()<15,"PROXIMO A VENCER","CERTIFICADO")) -> CERTIFICADO | J23: BUENO | K23: VALMET L&M | L23: 0-100% // -20°C a 60°C | M23: =IF(AND(J23="MALO",OR(I23="CERTIFICADO",I23="PROXIMO A VENCER",I23="VENCIDO")),"🔴", IF(AND(J23="BUENO",OR(I23="CERTIFICADO",I23="PROXIMO A VENCER")),"🟢", IF(AND(J23="BUENO",I23="VENCIDO"),"🟡",""))) -> 🟢
D24: MET-LP-CC 12662 | G24: 45793 | H24: =+G24+365 -> 46158 | I24: =IF(H24<TODAY(),"VENCIDO",IF(H24-TODAY()<15,"PROXIMO A VENCER","CERTIFICADO")) -> CERTIFICADO | J24: BUENO | K24: METROLABOR | L24: 300 hPa a 1200 hPa | M24: =IF(AND(J24="MALO",OR(I24="CERTIFICADO",I24="PROXIMO A VENCER",I24="VENCIDO")),"🔴", IF(AND(J24="BUENO",OR(I24="CERTIFICADO",I24="PROXIMO A VENCER")),"🟢", IF(AND(J24="BUENO",I24="VENCIDO"),"🟡",""))) -> 🟢
A25: THB-002 | B25: TERMOHIGROMETRO | C25: KEX GERMANY | D25: HR-28703 // TA-28702 | E25: SH-172 | F25: 50898 | G25: 45798 | H25: =+G25+365 -> 46163 | I25: =IF(H25<TODAY(),"VENCIDO",IF(H25-TODAY()<15,"PROXIMO A VENCER","CERTIFICADO")) -> CERTIFICADO | J25: BUENO | K25: FYH | L25: 10-90% // -50°C a 70°C | M25: =IF(AND(J25="MALO",OR(I25="CERTIFICADO",I25="PROXIMO A VENCER",I25="VENCIDO")),"🔴", IF(AND(J25="BUENO",OR(I25="CERTIFICADO",I25="PROXIMO A VENCER")),"🟢", IF(AND(J25="BUENO",I25="VENCIDO"),"🟡",""))) -> 🟢
A27: VST2
A28: IDENTIFICACIÓN | B28: EQUIPO / INSTRUMENTO | C28: FABRICANTE | D28: CERTIFICADO No. | E28: MODELO | F28: SERIE | G28: FECHA DE CALIBRACION | H28: FECHA PROXIMA CALIBRACIÓN | I28: CALIBRACIÓN | J28: ESTADO FíSICO | K28: CERTIFICADOR | L28: RANGO | M28: ESTADO
A29: CEC-005 | B29: DINAMOMETRO | C29: TRUMAX | D29: 8472 | E29: SC-2,5Klb // VST3000 | F29: 2301129900 // V00220 | G29: 45786 | H29: =+G29+365 -> 46151 | I29: =IF(H29<TODAY(),"VENCIDO",IF(H29-TODAY()<15,"PROXIMO A VENCER","CERTIFICADO")) -> CERTIFICADO | J29: BUENO | K29: SERVINTEGRAL | L29: 2500 lb-f | M29: =IF(AND(J29="MALO",OR(I29="CERTIFICADO",I29="PROXIMO A VENCER",I29="VENCIDO")),"🔴", IF(AND(J29="BUENO",OR(I29="CERTIFICADO",I29="PROXIMO A VENCER")),"🟢", IF(AND(J29="BUENO",I29="VENCIDO"),"🟡",""))) -> 🟢
A30: CEC-006 | B30: DINAMOMETRO | C30: VALSER / TEK | D30: 8531 | E30: 516 2 t // VST3000 | F30: 17080195 // V00220 | G30: 45824 | H30: =+G30+365 -> 46189 | I30: =IF(H30<TODAY(),"VENCIDO",IF(H30-TODAY()<15,"PROXIMO A VENCER","CERTIFICADO")) -> CERTIFICADO | J30: BUENO | K30: SERVINTEGRAL | L30: 4400 lb-f | M30: =IF(AND(J30="MALO",OR(I30="CERTIFICADO",I30="PROXIMO A VENCER",I30="VENCIDO")),"🔴", IF(AND(J30="BUENO",OR(I30="CERTIFICADO",I30="PROXIMO A VENCER")),"🟢", IF(AND(J30="BUENO",I30="VENCIDO"),"🟡",""))) -> 🟢
A31: CEC-007 | B31: DINAMOMETRO | C31: TRUMAX | D31: 8217 | E31: SG-5T | F31: 2309210270 | G31: 45611 | H31: =+G31+365 -> 45976 | I31: =IF(H31<TODAY(),"VENCIDO",IF(H31-TODAY()<15,"PROXIMO A VENCER","CERTIFICADO")) -> PROXIMO A VENCER | J31: BUENO | K31: SERVINTEGRAL | L31: 9920 lb-f | M31: =IF(AND(J31="MALO",OR(I31="CERTIFICADO",I31="PROXIMO A VENCER",I31="VENCIDO")),"🔴", IF(AND(J31="BUENO",OR(I31="CERTIFICADO",I31="PROXIMO A VENCER")),"🟢", IF(AND(J31="BUENO",I31="VENCIDO"),"🟡",""))) -> 🟢
A32: TP-008 | B32: TRANSMISOR DE PRESION CON INDICACION DIGITAL | C32: DANFOSS | D32: 13029 | E32: MBS3000 | F32: 051950519282 | G32: 45901 | H32: =+G32+365 -> 46266 | I32: =IF(H32<TODAY(),"VENCIDO",IF(H32-TODAY()<15,"PROXIMO A VENCER","CERTIFICADO")) -> CERTIFICADO | J32: BUENO | K32: FLEXILATINA | L32: 0-870 psi | M32: =IF(AND(J32="MALO",OR(I32="CERTIFICADO",I32="PROXIMO A VENCER",I32="VENCIDO")),"🔴", IF(AND(J32="BUENO",OR(I32="CERTIFICADO",I32="PROXIMO A VENCER")),"🟢", IF(AND(J32="BUENO",I32="VENCIDO"),"🟡",""))) -> 🟢
A33: TP-009 | B33: TRANSMISOR DE PRESION CON INDICACION DIGITAL | C33: DANFOSS | D33: 13030 | E33: MBS3000 | F33: 20275210 | G33: 45897 | H33: =+G33+365 -> 46262 | I33: =IF(H33<TODAY(),"VENCIDO",IF(H33-TODAY()<15,"PROXIMO A VENCER","CERTIFICADO")) -> CERTIFICADO | J33: BUENO | K33: FLEXILATINA | L33: 0-3625 psi | M33: =IF(AND(J33="MALO",OR(I33="CERTIFICADO",I33="PROXIMO A VENCER",I33="VENCIDO")),"🔴", IF(AND(J33="BUENO",OR(I33="CERTIFICADO",I33="PROXIMO A VENCER")),"🟢", IF(AND(J33="BUENO",I33="VENCIDO"),"🟡",""))) -> 🟢
A35: VST3
A36: IDENTIFICACIÓN | B36: EQUIPO / INSTRUMENTO | C36: FABRICANTE | D36: CERTIFICADO No. | E36: MODELO | F36: SERIE | G36: FECHA DE CALIBRACION | H36: FECHA PROXIMA CALIBRACIÓN | I36: CALIBRACIÓN | J36: ESTADO FíSICO | K36: CERTIFICADOR | L36: RANGO | M36: ESTADO
A37: CEC-001 | B37: DINAMOMETRO | C37: TRUMAX | D37: 8642 | E37: SA-1Klb | F37: J181015117 | G37: 45860 | H37: =+G37+365 -> 46225 | I37: =IF(H37<TODAY(),"VENCIDO",IF(H37-TODAY()<15,"PROXIMO A VENCER","CERTIFICADO")) -> CERTIFICADO | J37: BUENO | K37: SERVINTEGRAL | L37: 950 lb-f | M37: =IF(AND(J37="MALO",OR(I37="CERTIFICADO",I37="PROXIMO A VENCER",I37="VENCIDO")),"🔴", IF(AND(J37="BUENO",OR(I37="CERTIFICADO",I37="PROXIMO A VENCER")),"🟢", IF(AND(J37="BUENO",I37="VENCIDO"),"🟡",""))) -> 🟢
A38: CEC-002 | B38: DINAMOMETRO | C38: GALOCE | D38: 7838 | E38: G55406 | F38: 20110066/VST1 | G38: 45363 | H38: =+G38+365 -> 45728 | I38: =IF(H38<TODAY(),"VENCIDO",IF(H38-TODAY()<15,"PROXIMO A VENCER","CERTIFICADO")) -> VENCIDO | J38: BUENO | K38: SERVINTEGRAL | L38: 2500 lb-f | M38: =IF(AND(J38="MALO",OR(I38="CERTIFICADO",I38="PROXIMO A VENCER",I38="VENCIDO")),"🔴", IF(AND(J38="BUENO",OR(I38="CERTIFICADO",I38="PROXIMO A VENCER")),"🟢", IF(AND(J38="BUENO",I38="VENCIDO"),"🟡",""))) -> 🟡
A39: CEC-004 | B39: DINAMOMETRO | C39: BBG | D39: 8532 | E39: TSC // VST3000 | F39: 810551 | G39: 45824 | H39: =+G39+365 -> 46189 | I39: =IF(H39<TODAY(),"VENCIDO",IF(H39-TODAY()<15,"PROXIMO A VENCER","CERTIFICADO")) -> CERTIFICADO | J39: BUENO | K39: SERVINTEGRAL | L39: 2200 lb-f | M39: =IF(AND(J39="MALO",OR(I39="CERTIFICADO",I39="PROXIMO A VENCER",I39="VENCIDO")),"🔴", IF(AND(J39="BUENO",OR(I39="CERTIFICADO",I39="PROXIMO A VENCER")),"🟢", IF(AND(J39="BUENO",I39="VENCIDO"),"🟡",""))) -> 🟢
A40: CEC-003 | B40: DINAMOMETRO | C40: TRUMAX | D40: 8533 | E40: SC-5Klb // VST3000 | F40: M190927007 | G40: 45824 | H40: =+G40+365 -> 46189 | I40: =IF(H40<TODAY(),"VENCIDO",IF(H40-TODAY()<15,"PROXIMO A VENCER","CERTIFICADO")) -> CERTIFICADO | J40: BUENO | K40: SERVINTEGRAL | L40: 5000 lb-f | M40: =IF(AND(J40="MALO",OR(I40="CERTIFICADO",I40="PROXIMO A VENCER",I40="VENCIDO")),"🔴", IF(AND(J40="BUENO",OR(I40="CERTIFICADO",I40="PROXIMO A VENCER")),"🟢", IF(AND(J40="BUENO",I40="VENCIDO"),"🟡",""))) -> 🟢
A41: TP-004 | B41: TRANSMISOR DE PRESION CON INDICACION DIGITAL | C41: DANFOSS | D41: 13098 | E41: MBS3000 | F41: 92833390 | G41: 45919 | H41: =+G41+365 -> 46284 | I41: =IF(H41<TODAY(),"VENCIDO",IF(H41-TODAY()<15,"PROXIMO A VENCER","CERTIFICADO")) -> CERTIFICADO | J41: BUENO | K41: FLEXILATINA | L41: 0-145 psi | M41: =IF(AND(J41="MALO",OR(I41="CERTIFICADO",I41="PROXIMO A VENCER",I41="VENCIDO")),"🔴", IF(AND(J41="BUENO",OR(I41="CERTIFICADO",I41="PROXIMO A VENCER")),"🟢", IF(AND(J41="BUENO",I41="VENCIDO"),"🟡",""))) -> 🟢
A42: TP-001 | B42: TRANSMISOR DE PRESION CON INDICACION DIGITAL | C42: RITHERM | D42: 13032 | E42: 3000 | F42: 2074022 | G42: 45901 | H42: =+G42+365 -> 46266 | I42: =IF(H42<TODAY(),"VENCIDO",IF(H42-TODAY()<15,"PROXIMO A VENCER","CERTIFICADO")) -> CERTIFICADO | J42: MALO | K42: FLEXILATINA | L42: 0-1000 psi | M42: =IF(AND(J42="MALO",OR(I42="CERTIFICADO",I42="PROXIMO A VENCER",I42="VENCIDO")),"🔴", IF(AND(J42="BUENO",OR(I42="CERTIFICADO",I42="PROXIMO A VENCER")),"🟢", IF(AND(J42="BUENO",I42="VENCIDO"),"🟡",""))) -> 🔴
A43: TP-002 | B43: TRANSMISOR DE PRESION CON INDICACION DIGITAL | C43: APLISENS | D43: 13031 | E43: PCE-28 | F43: 11121025 | G43: 45897 | H43: =+G43+365 -> 46262 | I43: =IF(H43<TODAY(),"VENCIDO",IF(H43-TODAY()<15,"PROXIMO A VENCER","CERTIFICADO")) -> CERTIFICADO | J43: BUENO | K43: FLEXILATINA | L43: 0-5000 psi | M43: =IF(AND(J43="MALO",OR(I43="CERTIFICADO",I43="PROXIMO A VENCER",I43="VENCIDO")),"🔴", IF(AND(J43="BUENO",OR(I43="CERTIFICADO",I43="PROXIMO A VENCER")),"🟢", IF(AND(J43="BUENO",I43="VENCIDO"),"🟡",""))) -> 🟢
A44: TP-003 | B44: TRANSMISOR DE PRESION CON INDICACION DIGITAL | C44: SINTEK | D44: PLAB-23-480 | E44: - | F44: NPIR-23-155 | G44: 45062 | H44: =+G44+365 -> 45427 | I44: =IF(H44<TODAY(),"VENCIDO",IF(H44-TODAY()<15,"PROXIMO A VENCER","CERTIFICADO")) -> VENCIDO | J44: BUENO | K44: METROLOGY | L44: 0-15000 psi | M44: =IF(AND(J44="MALO",OR(I44="CERTIFICADO",I44="PROXIMO A VENCER",I44="VENCIDO")),"🔴", IF(AND(J44="BUENO",OR(I44="CERTIFICADO",I44="PROXIMO A VENCER")),"🟢", IF(AND(J44="BUENO",I44="VENCIDO"),"🟡",""))) -> 🟡

Sheet datos
A1: BUENO
A2: MALO

Sheet VERIFICACIÓN MAN-001
B2: INTRUMENTO | C2: MARCA | D2: MODELO | E2: SERIAL | F2: FECHA DE CALIBRACIÓN
B3: PATRÓN | C3: CRYSTAL | D3: =IF($C$3='CONTROL CALIBRACIONES'!$C$14,'CONTROL CALIBRACIONES'!E14,IF($C$3='CONTROL CALIBRACIONES'!$C$15,'CONTROL CALIBRACIONES'!E15,'CONTROL CALIBRACIONES'!E16)) -> XP2i | E3: =IF($C$3='CONTROL CALIBRACIONES'!$C$14,'CONTROL CALIBRACIONES'!F14,IF($C$3='CONTROL CALIBRACIONES'!$C$15,'CONTROL CALIBRACIONES'!F15,'CONTROL CALIBRACIONES'!F16)) -> 357309 | F3: ='CONTROL CALIBRACIONES'!G14 -> 45681
B5: DATOS Y RESULTADOS DE LA CALIBRACIÓN
B7: VALOR PATRÓN (psi) | C7: VALOR IBV (psi) | D7: ERROR (psi) | E7: INCERTIDUMBRE | F7: Error permitido (+- psi) | G7: COMENTARIOS | K7: Superior | L7: Inferior
A8: 1 | B8: 300 | C8: 299.5 | D8: =C8-B8 -> -0.5 | E8: 0.4 | F8: =IF(AND(B8>15,B8<=70),1,IF(AND(B8>70,B8<=300),B8*0.015,IF(AND(B8>300,B8<=1000),6,IF(AND(B8>1000),B8*0.005,"Revisar")))) -> 4.5 | H8: PRESIÓN ATMOSFERICA (hPa) | I8: 751.1 | K8: =F8 -> 4.5 | L8: =-F8 -> -4.5
A9: 2 | B9: 600 | C9: 601.4 | D9: =C9-B9 -> 1.4 | E9: 0.39 | F9: =IF(AND(B9>15,B9<=70),1,IF(AND(B9>70,B9<=300),B9*0.015,IF(AND(B9>300,B9<=1000),6,IF(AND(B9>1000),B9*0.005,"Revisar")))) -> 6 | H9: HUMEDAD RELATIVA (%) | I9: 49.4 | K9: =F9 -> 6 | L9: =-F9 -> -6
A10: 3 | B10: 900 | C10: 901.6 | D10: =C10-B10 -> 1.6 | E10: 0.45 | F10: =IF(AND(B10>15,B10<=70),1,IF(AND(B10>70,B10<=300),B10*0.015,IF(AND(B10>300,B10<=1000),6,IF(AND(B10>1000),B10*0.005,"Revisar")))) -> 6 | H10: ENTE CERTIFICADOR | I10: Metrology | K10: =F10 -> 6 | L10: =-F10 -> -6
A11: 4 | B11: 1200 | C11: 1200.1 | D11: =C11-B11 -> 0.1 | E11: 0.86 | F11: =IF(AND(B11>15,B11<=70),1,IF(AND(B11>70,B11<=300),B11*0.015,IF(AND(B11>300,B11<=1000),6,IF(AND(B11>1000),B11*0.005,"Revisar")))) -> 6 | H11: FECHA DE CALIBRACIÓN | I11: 45635 | K11: =F11 -> 6 | L11: =-F11 -> -6
A12: 5 | B12: 1500 | C12: 1501.3 | D12: =C12-B12 -> 1.3 | E12: 0.48 | F12: =IF(AND(B12>15,B12<=70),1,IF(AND(B12>70,B12<=300),B12*0.015,IF(AND(B12>300,B12<=1000),6,IF(AND(B12>1000),B12*0.005,"Revisar")))) -> 7.5 | H12: Después de que el equipo llega, se confirma que calibrando con un tiempo calendario de 1 año, el equipo sigue cumpliendo con las especificaiones requeridas, por lo cual se mantiene el periodo de un año según lo establecido en la OIML 10 método 1 | K12: =F12 -> 7.5 | L12: =-F12 -> -7.5
A13: 6 | B13: 1800 | C13: 1800.4 | D13: =C13-B13 -> 0.4 | E13: 0.8 | F13: =IF(AND(B13>15,B13<=70),1,IF(AND(B13>70,B13<=300),B13*0.015,IF(AND(B13>300,B13<=1000),6,IF(AND(B13>1000),B13*0.005,"Revisar")))) -> 9 | K13: =F13 -> 9 | L13: =-F13 -> -9
A14: 7 | B14: 2100 | C14: 2099.1 | D14: =C14-B14 -> -0.9 | E14: 0.5 | F14: =IF(AND(B14>15,B14<=70),1,IF(AND(B14>70,B14<=300),B14*0.015,IF(AND(B14>300,B14<=1000),6,IF(AND(B14>1000),B14*0.005,"Revisar")))) -> 10.5 | K14: =F14 -> 10.5 | L14: =-F14 -> -10.5
A15: 8 | B15: 2400 | C15: 2401.6 | D15: =C15-B15 -> 1.6 | E15: 0.42 | F15: =IF(AND(B15>15,B15<=70),1,IF(AND(B15>70,B15<=300),B15*0.015,IF(AND(B15>300,B15<=1000),6,IF(AND(B15>1000),B15*0.005,"Revisar")))) -> 12 | K15: =F15 -> 12 | L15: =-F15 -> -12
A16: 9 | B16: 2700 | C16: 2701.8 | D16: =C16-B16 -> 1.8 | E16: 0.49 | F16: =IF(AND(B16>15,B16<=70),1,IF(AND(B16>70,B16<=300),B16*0.015,IF(AND(B16>300,B16<=1000),6,IF(AND(B16>1000),B16*0.005,"Revisar")))) -> 13.5 | K16: =F16 -> 13.5 | L16: =-F16 -> -13.5
A17: 10 | B17: 3000 | C17: 3001.8 | D17: =C17-B17 -> 1.8 | E17: 0.35 | F17: =IF(AND(B17>15,B17<=70),1,IF(AND(B17>70,B17<=300),B17*0.015,IF(AND(B17>300,B17<=1000),6,IF(AND(B17>1000),B17*0.005,"Revisar")))) -> 15 | K17: =F17 -> 15 | L17: =-F17 -> -15

Sheet VERIFICACIÓN CRYSTAL 1k
B2: INTRUMENTO | C2: MARCA | D2: MODELO | E2: SERIAL | F2: FECHA DE CALIBRACIÓN | G2: FECHA PROGRAMADA DE COMPROBACIÓN 1 | H2: FECHA PROGRAMADA DE COMPROBACIÓN 2 | I2: FECHA PROGRAMADA DE COMPROBACIÓN 3
B3: PATRÓN | C3: CRYSTAL | D3: =IF($C$3='CONTROL CALIBRACIONES'!$C$14,'CONTROL CALIBRACIONES'!E14,IF($C$3='CONTROL CALIBRACIONES'!$C$15,'CONTROL CALIBRACIONES'!E15,'CONTROL CALIBRACIONES'!E16)) -> XP2i | E3: =IF($C$3='CONTROL CALIBRACIONES'!$C$14,'CONTROL CALIBRACIONES'!F14,IF($C$3='CONTROL CALIBRACIONES'!$C$15,'CONTROL CALIBRACIONES'!F15,'CONTROL CALIBRACIONES'!F16)) -> 357309 | F3: ='CONTROL CALIBRACIONES'!G14 -> 45681 | G3: =IF(TODAY()-$F$3<=340,$F$4+90,"ERROR, CALIBRE EL PATRÓN") -> 45865 | H3: =IF(TODAY()-$F$3<=340,$F$4+180,"ERROR, CALIBRE EL PATRÓN") -> 45955 | I3: =IF(TODAY()-$F$3<=340,$F$4+270,"ERROR, CALIBRE EL PATRÓN") -> 46045
B4: INDICE BAJO VERIFICACIÓN (IBV) | C4: AMETEK CRYSTAL | D4: =IF(C4='CONTROL CALIBRACIONES'!C16,'CONTROL CALIBRACIONES'!E16,IF(C4='CONTROL CALIBRACIONES'!C16,'CONTROL CALIBRACIONES'!C16,'CONTROL CALIBRACIONES'!C17)) -> XP2i | E4: 322944 | F4: ='CONTROL CALIBRACIONES'!G18 -> 45775
B6: DATOS Y RESULTADOS DE LA CALIBRACIÓN
B8: VALOR PATRÓN (psi) | C8: VALOR IBV (psi) | D8: ERROR (psi) | E8: INCERTIDUMBRE | F8: Error permitido (+- psi) | G8: COMENTARIOS | H8: TEMPERATURA (°C) | I8: 20.5 | K8: Superior | L8: Inferior
A9: 2 | B9: 15 | C9: 15.061 | D9: =C9-B9 -> 0.061 | E9: 0.087 | F9: =IF(AND(B9>=15,B9<=70),1,IF(AND(B9>70,B9<=300),B9*0.015,IF(AND(B9>300,B9<=1000),6,IF(AND(B9>1000),B9*0.005,"Revisar")))) -> 1 | G9: =IF(AND(,D9>F9,D10>F10,D11>F11,D12>F12,D13>F13,D14>F14,D15>F15,D16>F16,D17>F17,D18>F18),"EQUIPO NO CUMPLE ESPECIFICACIÓN","EQUIPO CUMPLE ESPECIFICACIÓN") -> EQUIPO CUMPLE ESPECIFICACIÓN | H9: PRESIÓN ATMOSFERICA (hPa) | I9: 748.1 | K9: =F9 -> 1 | L9: =-F9 -> -1
A10: 3 | B10: 50 | C10: 50.086 | D10: =C10-B10 -> 0.086 | E10: 0.058 | F10: =IF(AND(B10>=15,B10<=70),1,IF(AND(B10>70,B10<=300),B10*0.015,IF(AND(B10>300,B10<=1000),6,IF(AND(B10>1000),B10*0.005,"Revisar")))) -> 1 | H10: HUMEDAD RELATIVA (%) | I10: 48.3 | K10: =F10 -> 1 | L10: =-F10 -> -1
A11: 4 | B11: 125 | C11: 125.086 | D11: =C11-B11 -> 0.086 | E11: 0.058 | F11: =IF(AND(B11>15,B11<=70),1,IF(AND(B11>70,B11<=300),B11*0.015,IF(AND(B11>300,B11<=1000),6,IF(AND(B11>1000),B11*0.005,"Revisar")))) -> 1.875 | H11: ENTE CERTIFICADOR | I11: Flexilatina | K11: =F11 -> 1.875 | L11: =-F11 -> -1.875
A12: 5 | B12: 250 | C12: 250.086 | D12: =C12-B12 -> 0.086 | E12: 0.059 | F12: =IF(AND(B12>15,B12<=70),1,IF(AND(B12>70,B12<=300),B12*0.015,IF(AND(B12>300,B12<=1000),6,IF(AND(B12>1000),B12*0.005,"Revisar")))) -> 3.75 | H12: FECHA DE CALIBRACIÓN | I12: 45775 | K12: =F12 -> 3.75 | L12: =-F12 -> -3.75
A13: 6 | B13: 375 | C13: 375.061 | D13: =C13-B13 -> 0.061 | E13: 0.089 | F13: =IF(AND(B13>15,B13<=70),1,IF(AND(B13>70,B13<=300),B13*0.015,IF(AND(B13>300,B13<=1000),6,IF(AND(B13>1000),B13*0.005,"Revisar")))) -> 6 | H13: Después de que el equipo llega, se confirma que calibrando con un tiempo calendario de 1 año, el equipo sigue cumpliendo con las especificaiones requeridas, por lo cual se mantiene el periodo de un año según lo establecido en la OIML 10 método 1 | K13: =F13 -> 6 | L13: =-F13 -> -6
A14: 7 | B14: 500 | C14: 500.111 | D14: =C14-B14 -> 0.111 | E14: 0.09 | F14: =IF(AND(B14>15,B14<=70),1,IF(AND(B14>70,B14<=300),B14*0.015,IF(AND(B14>300,B14<=1000),6,IF(AND(B14>1000),B14*0.005,"Revisar")))) -> 6 | K14: =F14 -> 6 | L14: =-F14 -> -6
A15: 8 | B15: 625 | C15: 625.161 | D15: =C15-B15 -> 0.161 | E15: 0.092 | F15: =IF(AND(B15>15,B15<=70),1,IF(AND(B15>70,B15<=300),B15*0.015,IF(AND(B15>300,B15<=1000),6,IF(AND(B15>1000),B15*0.005,"Revisar")))) -> 6 | K15: =F15 -> 6 | L15: =-F15 -> -6
A16: 9 | B16: 750 | C16: 750.186 | D16: =C16-B16 -> 0.186 | E16: 0.069 | F16: =IF(AND(B16>15,B16<=70),1,IF(AND(B16>70,B16<=300),B16*0.015,IF(AND(B16>300,B16<=1000),6,IF(AND(B16>1000),B16*0.005,"Revisar")))) -> 6 | K16: =F16 -> 6 | L16: =-F16 -> -6
A17: 10 | B17: 875 | C17: 875.186 | D17: =C17-B17 -> 0.186 | E17: 0.072 | F17: =IF(AND(B17>15,B17<=70),1,IF(AND(B17>70,B17<=300),B17*0.015,IF(AND(B17>300,B17<=1000),6,IF(AND(B17>1000),B17*0.005,"Revisar")))) -> 6 | K17: =F17 -> 6 | L17: =-F17 -> -6
A18: 11 | B18: 1000 | C18: 1000.186 | D18: =C18-B18 -> 0.186 | E18: 0.08 | F18: =IF(AND(B18>15,B18<=70),1,IF(AND(B18>70,B18<=300),B18*0.015,IF(AND(B18>300,B18<=1000),6,IF(AND(B18>1000),B18*0.005,"Revisar")))) -> 6 | K18: =F18 -> 6 | L18: =-F18 -> -6
B20: DATOS Y RESULTADOS DE LAS COMPROBACIONES
B21: Fecha | C21: 45861 | D21: 45951
B22: Responsable | C22: Andrés Felipe Ovalle | D22: Wilder Alberto Suarez
B23: VALOR PATRÓN (psi) | C23: VALOR COMPROBACIÓN 1 (psi) | D23: VALOR COMPROBACIÓN 2 (psi) | E23: VALOR COMPROBACIÓN 3 (psi) | G23: COMENTARIO COMPROBACIÓN 1 | H23: COMENTARIO COMPROBACIÓN 2 | J23: Superior | K23: Inferior
B24: 0 | C24: 0 | D24: 0 | G24: =IF(AND(ABS(G33)<$B$32,ABS(G34)<$B$33,ABS(G35)<$B$34,ABS(G36)<$B$35,ABS(G37)<$B$36,ABS(G38)<$B$37,ABS(G39)<$B$38,ABS(G40)<$B$39),"EQUIPO SE ENCUENTRA COMPROBADO","EQUIPO TIENE ALGUNA AFECTACIÓN, ENVIAR A REVISIÓN") -> EQUIPO SE ENCUENTRA COMPROBADO | H24: =IF(AND(ABS(H33)<$B$32,ABS(H34)<$B$33,ABS(H35)<$B$34,ABS(H36)<$B$35,ABS(H37)<$B$36,ABS(H38)<$B$37,ABS(H39)<$B$38,ABS(H40)<$B$39),"EQUIPO SE ENCUENTRA COMPROBADO","EQUIPO TIENE ALGUNA AFECTACIÓN, ENVIAR A REVISIÓN") -> #VALUE! | J24: =B33 -> 1 | K24: =-B33 -> -1
B25: 142 | C25: 142 | D25: 141.9 | J25: =B34 -> 2.13 | K25: =-B34 -> -2.13
B26: 284 | C26: 283.9 | D26: 283.9 | J26: =B35 -> 4.26 | K26: =-B35 -> -4.26
B27: 426 | C27: 425.9 | D27: 425.9 | J27: =B36 -> 6 | K27: =-B36 -> -6
B28: 568 | C28: 568 | D28: 568 | J28: =B37 -> 6 | K28: =-B37 -> -6
B29: 710 | C29: 709.9 | D29: 710 | J29: =B38 -> 6 | K29: =-B38 -> -6
B30: 852 | C30: 852.1 | D30: 852 | J30: =B39 -> 6 | K30: =-B39 -> -6
B31: 1000 | C31: 1000.1 | D31: 1000 | J31: =B40 -> 6 | K31: =-B40 -> -6
B32: Error Máximo permitido (psi) | C32: ERROR O | D32: ERROR 1 | E32: ERROR 2 | G32: DIFERENCIA ERROR 0-1 | H32: DIFERENCIA ERROR 0-2
B33: =IF(AND(B24>=15,B24<=70),1,IF(AND(B24>70,B24<=300),B24*0.015,IF(AND(B24>300,B24<=1000),6,IF(AND(B24>1000),B24*0.005,1)))) -> 1 | C33: =IF(C24="","",C24-B24) -> 0 | D33: =IF(D24="","",D24-B24) -> 0 | E33: =IF(E24="","",E24-B24) | G33: =C33-D33 -> 0 | H33: =C33-E33 -> #VALUE!
B34: =IF(AND(B25>=15,B25<=70),1,IF(AND(B25>70,B25<=300),B25*0.015,IF(AND(B25>300,B25<=1000),6,IF(AND(B25>1000),B25*0.005,1)))) -> 2.13 | C34: =IF(C25="","",C25-B25) -> 0 | D34: =IF(D25="","",D25-B25) -> -0.1 | E34: =IF(E25="","",E25-B25) | G34: =C34-D34 -> 0.1 | H34: =C34-E34 -> #VALUE!
B35: =IF(AND(B26>=15,B26<=70),1,IF(AND(B26>70,B26<=300),B26*0.015,IF(AND(B26>300,B26<=1000),6,IF(AND(B26>1000),B26*0.005,1)))) -> 4.26 | C35: =IF(C26="","",C26-B26) -> -0.1 | D35: =IF(D26="","",D26-B26) -> -0.1 | E35: =IF(E26="","",E26-B26) | G35: =C35-D35 -> 0 | H35: =C35-E35 -> #VALUE!
B36: =IF(AND(B27>=15,B27<=70),1,IF(AND(B27>70,B27<=300),B27*0.015,IF(AND(B27>300,B27<=1000),6,IF(AND(B27>1000),B27*0.005,1)))) -> 6 | C36: =IF(C27="","",C27-B27) -> -0.1 | D36: =IF(D27="","",D27-B27) -> -0.1 | E36: =IF(E27="","",E27-B27) | G36: =C36-D36 -> 0 | H36: =C36-E36 -> #VALUE!
B37: =IF(AND(B28>=15,B28<=70),1,IF(AND(B28>70,B28<=300),B28*0.015,IF(AND(B28>300,B28<=1000),6,IF(AND(B28>1000),B28*0.005,1)))) -> 6 | C37: =IF(C28="","",C28-B28) -> 0 | D37: =IF(D28="","",D28-B28) -> 0 | E37: =IF(E28="","",E28-B28) | G37: =C37-D37 -> 0 | H37: =C37-E37 -> #VALUE!
B38: =IF(AND(B29>=15,B29<=70),1,IF(AND(B29>70,B29<=300),B29*0.015,IF(AND(B29>300,B29<=1000),6,IF(AND(B29>1000),B29*0.005,1)))) -> 6 | C38: =IF(C29="","",C29-B29) -> -0.1 | D38: =IF(D29="","",D29-B29) -> 0 | E38: =IF(E29="","",E29-B29) | G38: =C38-D38 -> -0.1 | H38: =C38-E38 -> #VALUE!
B39: =IF(AND(B30>=15,B30<=70),1,IF(AND(B30>70,B30<=300),B30*0.015,IF(AND(B30>300,B30<=1000),6,IF(AND(B30>1000),B30*0.005,1)))) -> 6 | C39: =IF(C30="","",C30-B30) -> 0.1 | D39: =IF(D30="","",D30-B30) -> 0 | E39: =IF(E30="","",E30-B30) | G39: =C39-D39 -> 0.1 | H39: =C39-E39 -> #VALUE!
B40: =IF(AND(B31>=15,B31<=70),1,IF(AND(B31>70,B31<=300),B31*0.015,IF(AND(B31>300,B31<=1000),6,IF(AND(B31>1000),B31*0.005,1)))) -> 6 | C40: =IF(C31="","",C31-B31) -> 0.1 | D40: =IF(D31="","",D31-B31) -> 0 | E40: =IF(E31="","",E31-B31) | G40: =C40-D40 -> 0.1 | H40: =C40-E40 -> #VALUE!

Sheet VERIFICACIÓN CRYSTAL 5k
B2: INTRUMENTO | C2: MARCA | D2: MODELO | E2: SERIAL | F2: FECHA DE CALIBRACIÓN | G2: FECHA PROGRAMADA DE COMPROBACIÓN 1 | H2: FECHA PROGRAMADA DE COMPROBACIÓN 2 | I2: FECHA PROGRAMADA DE COMPROBACIÓN 3
B3: PATRÓN | C3: CRYSTAL | D3: =IF($C$3='CONTROL CALIBRACIONES'!$C$14,'CONTROL CALIBRACIONES'!E14,IF($C$3='CONTROL CALIBRACIONES'!$C$15,'CONTROL CALIBRACIONES'!E15,'CONTROL CALIBRACIONES'!E16)) -> XP2i | E3: =IF($C$3='CONTROL CALIBRACIONES'!$C$14,'CONTROL CALIBRACIONES'!F14,IF($C$3='CONTROL CALIBRACIONES'!$C$15,'CONTROL CALIBRACIONES'!F15,'CONTROL CALIBRACIONES'!F16)) -> 357309 | F3: ='CONTROL CALIBRACIONES'!G14 -> 45681 | G3: =IF(TODAY()-$F$3<=340,$F$4+90,"ERROR, CALIBRE EL PATRÓN") -> 45865 | H3: =IF(TODAY()-$F$3<=340,$F$4+180,"ERROR, CALIBRE EL PATRÓN") -> 45955 | I3: =IF(TODAY()-$F$3<=340,$F$4+270,"ERROR, CALIBRE EL PATRÓN") -> 46045
B4: INDICE BAJO VERIFICACIÓN (IBV) | C4: AMETEK CRYSTAL | D4: =IF(C4='CONTROL CALIBRACIONES'!C16,'CONTROL CALIBRACIONES'!E16,IF(C4='CONTROL CALIBRACIONES'!C16,'CONTROL CALIBRACIONES'!C16,'CONTROL CALIBRACIONES'!C17)) -> XP2i | E4: 322944 | F4: ='CONTROL CALIBRACIONES'!G18 -> 45775
B6: DATOS Y RESULTADOS DE LA CALIBRACIÓN
B8: VALOR PATRÓN (psi) | C8: VALOR IBV (psi) | D8: ERROR (psi) | E8: INCERTIDUMBRE | F8: Error permitido (+- psi) | G8: COMENTARIOS | H8: TEMPERATURA (°C) | I8: 21.4 | K8: Superior | L8: Inferior
A9: 1 | B9: 499.64 | C9: 500 | D9: =C9-B9 -> 0.36 | E9: 0.34 | F9: =IF(AND(B9>15,B9<=70),1,IF(AND(B9>70,B9<=300),B9*0.015,IF(AND(B9>300,B9<=1000),6,IF(AND(B9>1000),B9*0.005,"Revisar")))) -> 6 | G9: =IF(AND(,D9>F9,D10>F10,D11>F11,D12>F12,D13>F13,D14>F14,D15>F15,D16>F16,D17>F17,D18>F18),"EQUIPO NO CUMPLE ESPECIFICACIÓN","EQUIPO CUMPLE ESPECIFICACIÓN") -> EQUIPO CUMPLE ESPECIFICACIÓN | H9: PRESIÓN ATMOSFERICA (hPa) | I9: 753.4 | K9: =F9 -> 6 | L9: =-F9 -> -6
A10: 2 | B10: 999.56 | C10: 1000 | D10: =C10-B10 -> 0.44 | E10: 0.34 | F10: =IF(AND(B10>15,B10<=70),1,IF(AND(B10>70,B10<=300),B10*0.015,IF(AND(B10>300,B10<=1000),6,IF(AND(B10>1000),B10*0.005,"Revisar")))) -> 6 | H10: HUMEDAD RELATIVA (%) | I10: 57.9 | K10: =F10 -> 6 | L10: =-F10 -> -6
A11: 3 | B11: 1499.59 | C11: 1500 | D11: =C11-B11 -> 0.41 | E11: 0.34 | F11: =IF(AND(B11>15,B11<=70),1,IF(AND(B11>70,B11<=300),B11*0.015,IF(AND(B11>300,B11<=1000),6,IF(AND(B11>1000),B11*0.005,"Revisar")))) -> 7.49795 | H11: ENTE CERTIFICADOR | I11: Metrology | K11: =F11 -> 7.49795 | L11: =-F11 -> -7.49795
A12: 4 | B12: 1999.82 | C12: 2000 | D12: =C12-B12 -> 0.18 | E12: 0.34 | F12: =IF(AND(B12>15,B12<=70),1,IF(AND(B12>70,B12<=300),B12*0.015,IF(AND(B12>300,B12<=1000),6,IF(AND(B12>1000),B12*0.005,"Revisar")))) -> 9.9991 | H12: FECHA DE CALIBRACIÓN | I12: 45628 | K12: =F12 -> 9.9991 | L12: =-F12 -> -9.9991
A13: 5 | B13: 2499.35 | C13: 2500 | D13: =C13-B13 -> 0.65 | E13: 0.34 | F13: =IF(AND(B13>15,B13<=70),1,IF(AND(B13>70,B13<=300),B13*0.015,IF(AND(B13>300,B13<=1000),6,IF(AND(B13>1000),B13*0.005,"Revisar")))) -> 12.49675 | H13: Después de que el equipo llega, se confirma que calibrando con un tiempo calendario de 1 año, el equipo sigue cumpliendo con las especificaiones requeridas, por lo cual se mantiene el periodo de un año según lo establecido en la OIML 10 método 1 | K13: =F13 -> 12.49675 | L13: =-F13 -> -12.49675
A14: 6 | B14: 2999.58 | C14: 3000 | D14: =C14-B14 -> 0.42 | E14: 0.34 | F14: =IF(AND(B14>15,B14<=70),1,IF(AND(B14>70,B14<=300),B14*0.015,IF(AND(B14>300,B14<=1000),6,IF(AND(B14>1000),B14*0.005,"Revisar")))) -> 14.9979 | K14: =F14 -> 14.9979 | L14: =-F14 -> -14.9979
A15: 7 | B15: 3499.2 | C15: 3500 | D15: =C15-B15 -> 0.8 | E15: 0.34 | F15: =IF(AND(B15>15,B15<=70),1,IF(AND(B15>70,B15<=300),B15*0.015,IF(AND(B15>300,B15<=1000),6,IF(AND(B15>1000),B15*0.005,"Revisar")))) -> 17.496 | K15: =F15 -> 17.496 | L15: =-F15 -> -17.496
A16: 8 | B16: 3999.43 | C16: 4000 | D16: =C16-B16 -> 0.57 | E16: 0.35 | F16: =IF(AND(B16>15,B16<=70),1,IF(AND(B16>70,B16<=300),B16*0.015,IF(AND(B16>300,B16<=1000),6,IF(AND(B16>1000),B16*0.005,"Revisar")))) -> 19.99715 | K16: =F16 -> 19.99715 | L16: =-F16 -> -19.99715
A17: 9 | B17: 4499.04 | C17: 4500 | D17: =C17-B17 -> 0.96 | E17: 0.35 | F17: =IF(AND(B17>15,B17<=70),1,IF(AND(B17>70,B17<=300),B17*0.015,IF(AND(B17>300,B17<=1000),6,IF(AND(B17>1000),B17*0.005,"Revisar")))) -> 22.4952 | K17: =F17 -> 22.4952 | L17: =-F17 -> -22.4952
A18: 10 | B18: 4999.54 | C18: 5000 | D18: =C18-B18 -> 0.46 | E18: 0.35 | F18: =IF(AND(B18>15,B18<=70),1,IF(AND(B18>70,B18<=300),B18*0.015,IF(AND(B18>300,B18<=1000),6,IF(AND(B18>1000),B18*0.005,"Revisar")))) -> 24.9977 | K18: =F18 -> 24.9977 | L18: =-F18 -> -24.9977
B20: DATOS Y RESULTADOS DE LAS COMPROBACIONES
B21: Fecha | C21: 45720 | D21: 45811 | E21: 45897
B22: Responsable | C22: Andrés Felipe Ovalle | D22: Carlos Alberto Suarez | E22: Andrés Felipe Ovalle
B23: VALOR PATRÓN (psi) | C23: VALOR COMPROBACIÓN 1 (psi) | D23: VALOR COMPROBACIÓN 2 (psi) | E23: VALOR COMPROBACIÓN 3 (psi) | G23: COMENTARIO COMPROBACIÓN 1 | H23: COMENTARIO COMPROBACIÓN 2 | J23: Superior | K23: Inferior
B24: 0 | C24: 0 | D24: 0 | G24: =IF(AND(ABS(G33)<$B$32,ABS(G34)<$B$33,ABS(G35)<$B$34,ABS(G36)<$B$35,ABS(G37)<$B$36,ABS(G38)<$B$37,ABS(G39)<$B$38,ABS(G40)<$B$39),"EQUIPO SE ENCUENTRA COMPROBADO","EQUIPO TIENE ALGUNA AFECTACIÓN, ENVIAR A REVISIÓN") -> EQUIPO SE ENCUENTRA COMPROBADO | H24: =IF(AND(ABS(H33)<$B$32,ABS(H34)<$B$33,ABS(H35)<$B$34,ABS(H36)<$B$35,ABS(H37)<$B$36,ABS(H38)<$B$37,ABS(H39)<$B$38,ABS(H40)<$B$39),"EQUIPO SE ENCUENTRA COMPROBADO","EQUIPO TIENE ALGUNA AFECTACIÓN, ENVIAR A REVISIÓN") -> #VALUE! | J24: =B33 -> 1 | K24: =-B33 -> -1
B25: 428 | C25: 427.7 | D25: 427.8 | J25: =B34 -> 6 | K25: =-B34 -> -6
B26: 856 | C26: 855.9 | D26: 855.8 | J26: =B35 -> 6 | K26: =-B35 -> -6
B27: 1284 | C27: 1283.9 | D27: 1283.8 | J27: =B36 -> 6.42 | K27: =-B36 -> -6.42
B28: 1712 | C28: 1711.4 | D28: 1711.6 | J28: =B37 -> 8.56 | K28: =-B37 -> -8.56
B29: 2140 | C29: 2140.4 | D29: 2140.5 | J29: =B38 -> 10.7 | K29: =-B38 -> -10.7
B30: 2568 | C30: 2566.2 | D30: 2566.5 | J30: =B39 -> 12.84 | K30: =-B39 -> -12.84
B31: 3000 | C31: 3000.2 | D31: 3000.3 | J31: =B40 -> 15 | K31: =-B40 -> -15
B32: Error Máximo permitido (psi) | C32: ERROR O | D32: ERROR 1 | E32: ERROR 2 | G32: DIFERENCIA ERROR 0-1 | H32: DIFERENCIA ERROR 0-2
B33: =IF(AND(B24>=15,B24<=70),1,IF(AND(B24>70,B24<=300),B24*0.015,IF(AND(B24>300,B24<=1000),6,IF(AND(B24>1000),B24*0.005,1)))) -> 1 | C33: =C24-B24 -> 0 | D33: =D24-B24 -> 0 | E33: =IF(E24="","",E24-B24) | G33: =C33-D33 -> 0 | H33: =C33-E33 -> #VALUE!
B34: =IF(AND(B25>=15,B25<=70),1,IF(AND(B25>70,B25<=300),B25*0.015,IF(AND(B25>300,B25<=1000),6,IF(AND(B25>1000),B25*0.005,1)))) -> 6 | C34: =C25-B25 -> -0.3 | D34: =D25-B25 -> -0.2 | E34: =IF(E25="","",E25-B25) | G34: =C34-D34 -> -0.1 | H34: =C34-E34 -> #VALUE!
B35: =IF(AND(B26>=15,B26<=70),1,IF(AND(B26>70,B26<=300),B26*0.015,IF(AND(B26>300,B26<=1000),6,IF(AND(B26>1000),B26*0.005,1)))) -> 6 | C35: =C26-B26 -> -0.1 | D35: =D26-B26 -> -0.2 | E35: =IF(E26="","",E26-B26) | G35: =C35-D35 -> 0.1 | H35: =C35-E35 -> #VALUE!
B36: =IF(AND(B27>=15,B27<=70),1,IF(AND(B27>70,B27<=300),B27*0.015,IF(AND(B27>300,B27<=1000),6,IF(AND(B27>1000),B27*0.005,1)))) -> 6.42 | C36: =C27-B27 -> -0.1 | D36: =D27-B27 -> -0.2 | E36: =IF(E27="","",E27-B27) | G36: =C36-D36 -> 0.1 | H36: =C36-E36 -> #VALUE!
B37: =IF(AND(B28>=15,B28<=70),1,IF(AND(B28>70,B28<=300),B28*0.015,IF(AND(B28>300,B28<=1000),6,IF(AND(B28>1000),B28*0.005,1)))) -> 8.56 | C37: =C28-B28 -> -0.6 | D37: =D28-B28 -> -0.4 | E37: =IF(E28="","",E28-B28) | G37: =C37-D37 -> -0.2 | H37: =C37-E37 -> #VALUE!
B38: =IF(AND(B29>=15,B29<=70),1,IF(AND(B29>70,B29<=300),B29*0.015,IF(AND(B29>300,B29<=1000),6,IF(AND(B29>1000),B29*0.005,1)))) -> 10.7 | C38: =C29-B29 -> 0.4 | D38: =D29-B29 -> 0.5 | E38: =IF(E29="","",E29-B29) | G38: =C38-D38 -> -0.1 | H38: =C38-E38 -> #VALUE!
B39: =IF(AND(B30>=15,B30<=70),1,IF(AND(B30>70,B30<=300),B30*0.015,IF(AND(B30>300,B30<=1000),6,IF(AND(B30>1000),B30*0.005,1)))) -> 12.84 | C39: =C30-B30 -> -1.8 | D39: =D30-B30 -> -1.5 | E39: =IF(E30="","",E30-B30) | G39: =C39-D39 -> -0.3 | H39: =C39-E39 -> #VALUE!
B40: =IF(AND(B31>=15,B31<=70),1,IF(AND(B31>70,B31<=300),B31*0.015,IF(AND(B31>300,B31<=1000),6,IF(AND(B31>1000),B31*0.005,1)))) -> 15 | C40: =C31-B31 -> 0.2 | D40: =D31-B31 -> 0.3 | E40: =IF(E31="","",E31-B31) | G40: =C40-D40 -> -0.1 | H40: =C40-E40 -> #VALUE!

Sheet VERIFICACIÓN ADDITEL
B2: INTRUMENTO | C2: MARCA | D2: MODELO | E2: SERIAL | F2: FECHA DE CALIBRACIÓN | G2: FECHA PROGRAMADA DE COMPROBACIÓN 1 | H2: FECHA PROGRAMADA DE COMPROBACIÓN 2 | I2: FECHA PROGRAMADA DE COMPROBACIÓN 3
B3: PATRÓN | C3: CRYSTAL | D3: =IF($C$3='CONTROL CALIBRACIONES'!$C$14,'CONTROL CALIBRACIONES'!E14,IF($C$3='CONTROL CALIBRACIONES'!$C$15,'CONTROL CALIBRACIONES'!E15,'CONTROL CALIBRACIONES'!E16)) -> XP2i | E3: =IF($C$3='CONTROL CALIBRACIONES'!$C$14,'CONTROL CALIBRACIONES'!F14,IF($C$3='CONTROL CALIBRACIONES'!$C$15,'CONTROL CALIBRACIONES'!F15,'CONTROL CALIBRACIONES'!F16)) -> 357309 | F3: ='CONTROL CALIBRACIONES'!G14 -> 45681 | G3: =IF(TODAY()-$F$3<=340,$F$4+90,"ERROR, CALIBRE EL PATRÓN") -> 45865 | H3: =IF(TODAY()-$F$3<=340,$F$4+180,"ERROR, CALIBRE EL PATRÓN") -> 45955 | I3: =IF(TODAY()-$F$3<=340,$F$4+270,"ERROR, CALIBRE EL PATRÓN") -> 46045
B4: INDICE BAJO VERIFICACIÓN (IBV) | C4: AMETEK CRYSTAL | D4: =IF(C4='CONTROL CALIBRACIONES'!C16,'CONTROL CALIBRACIONES'!E16,IF(C4='CONTROL CALIBRACIONES'!C16,'CONTROL CALIBRACIONES'!C16,'CONTROL CALIBRACIONES'!C17)) -> XP2i | E4: 322944 | F4: ='CONTROL CALIBRACIONES'!G18 -> 45775
B6: DATOS Y RESULTADOS DE LA CALIBRACIÓN
B8: VALOR PATRÓN (psi) | C8: VALOR IBV (psi) | D8: ERROR (psi) | E8: INCERTIDUMBRE | F8: Error permitido (+- psi) | G8: COMENTARIOS | H8: TEMPERATURA (°C) | I8: 23.2 | K8: Superior | L8: Inferior
A9: 1 | B9: 300 | C9: 299.8 | D9: =C9-B9 -> -0.2 | E9: 0.34 | F9: =IF(AND(B9>15,B9<=70),1,IF(AND(B9>70,B9<=300),B9*0.015,IF(AND(B9>300,B9<=1000),6,IF(AND(B9>1000),B9*0.005,"Revisar")))) -> 4.5 | G9: =IF(AND(,D9>F9,D10>F10,D11>F11,D12>F12,D13>F13,D14>F14,D15>F15,D16>F16,D17>F17,D18>F18),"EQUIPO NO CUMPLE ESPECIFICACIÓN","EQUIPO CUMPLE ESPECIFICACIÓN") -> EQUIPO CUMPLE ESPECIFICACIÓN | H9: PRESIÓN ATMOSFERICA (hPa) | I9: 751.1 | K9: =F9 -> 4.5 | L9: =-F9 -> -4.5
A10: 2 | B10: 600 | C10: 600.2 | D10: =C10-B10 -> 0.2 | E10: 0.34 | F10: =IF(AND(B10>15,B10<=70),1,IF(AND(B10>70,B10<=300),B10*0.015,IF(AND(B10>300,B10<=1000),6,IF(AND(B10>1000),B10*0.005,"Revisar")))) -> 6 | H10: HUMEDAD RELATIVA (%) | I10: 49.4 | K10: =F10 -> 6 | L10: =-F10 -> -6
A11: 3 | B11: 900 | C11: 899.9 | D11: =C11-B11 -> -0.1 | E11: 0.34 | F11: =IF(AND(B11>15,B11<=70),1,IF(AND(B11>70,B11<=300),B11*0.015,IF(AND(B11>300,B11<=1000),6,IF(AND(B11>1000),B11*0.005,"Revisar")))) -> 6 | H11: ENTE CERTIFICADOR | I11: Metrology | K11: =F11 -> 6 | L11: =-F11 -> -6
A12: 4 | B12: 1200 | C12: 1199.8 | D12: =C12-B12 -> -0.2 | E12: 0.34 | F12: =IF(AND(B12>15,B12<=70),1,IF(AND(B12>70,B12<=300),B12*0.015,IF(AND(B12>300,B12<=1000),6,IF(AND(B12>1000),B12*0.005,"Revisar")))) -> 6 | H12: FECHA DE CALIBRACIÓN | I12: 45635 | K12: =F12 -> 6 | L12: =-F12 -> -6
A13: 5 | B13: 1500 | C13: 1499.8 | D13: =C13-B13 -> -0.2 | E13: 0.34 | F13: =IF(AND(B13>15,B13<=70),1,IF(AND(B13>70,B13<=300),B13*0.015,IF(AND(B13>300,B13<=1000),6,IF(AND(B13>1000),B13*0.005,"Revisar")))) -> 7.5 | H13: Después de que el equipo llega, se confirma que calibrando con un tiempo calendario de 1 año, el equipo sigue cumpliendo con las especificaiones requeridas, por lo cual se mantiene el periodo de un año según lo establecido en la OIML 10 método 1 | K13: =F13 -> 7.5 | L13: =-F13 -> -7.5
A14: 6 | B14: 1800 | C14: 1800 | D14: =C14-B14 -> 0 | E14: 0.34 | F14: =IF(AND(B14>15,B14<=70),1,IF(AND(B14>70,B14<=300),B14*0.015,IF(AND(B14>300,B14<=1000),6,IF(AND(B14>1000),B14*0.005,"Revisar")))) -> 9 | K14: =F14 -> 9 | L14: =-F14 -> -9
A15: 7 | B15: 2100 | C15: 2100.4 | D15: =C15-B15 -> 0.4 | E15: 0.34 | F15: =IF(AND(B15>15,B15<=70),1,IF(AND(B15>70,B15<=300),B15*0.015,IF(AND(B15>300,B15<=1000),6,IF(AND(B15>1000),B15*0.005,"Revisar")))) -> 10.5 | K15: =F15 -> 10.5 | L15: =-F15 -> -10.5
A16: 8 | B16: 2400 | C16: 2399.9 | D16: =C16-B16 -> -0.1 | E16: 0.35 | F16: =IF(AND(B16>15,B16<=70),1,IF(AND(B16>70,B16<=300),B16*0.015,IF(AND(B16>300,B16<=1000),6,IF(AND(B16>1000),B16*0.005,"Revisar")))) -> 12 | K16: =F16 -> 12 | L16: =-F16 -> -12
A17: 9 | B17: 2700 | C17: 2699.9 | D17: =C17-B17 -> -0.1 | E17: 0.35 | F17: =IF(AND(B17>15,B17<=70),1,IF(AND(B17>70,B17<=300),B17*0.015,IF(AND(B17>300,B17<=1000),6,IF(AND(B17>1000),B17*0.005,"Revisar")))) -> 13.5 | K17: =F17 -> 13.5 | L17: =-F17 -> -13.5
A18: 10 | B18: 3000 | C18: 2999.7 | D18: =C18-B18 -> -0.3 | E18: 0.35 | F18: =IF(AND(B18>15,B18<=70),1,IF(AND(B18>70,B18<=300),B18*0.015,IF(AND(B18>300,B18<=1000),6,IF(AND(B18>1000),B18*0.005,"Revisar")))) -> 15 | K18: =F18 -> 15 | L18: =-F18 -> -15
B20: DATOS Y RESULTADOS DE LAS COMPROBACIONES
B21: Fecha | D21: 45834 | E21: 45929
B22: Responsable | D22: Andrés Felipe Ovalle | E22: Andrés Felipe Ovalle
B23: VALOR PATRÓN (psi) | C23: VALOR COMPROBACIÓN 1 (psi) | D23: VALOR COMPROBACIÓN 2 (psi) | E23: VALOR COMPROBACIÓN 3 (psi) | G23: COMENTARIO COMPROBACIÓN 1 | H23: COMENTARIO COMPROBACIÓN 2 | J23: Superior | K23: Inferior
B24: 0 | C24: 0 | D24: 0 | E24: 0 | G24: =IF(AND(ABS(G33)<$B$32,ABS(G34)<$B$33,ABS(G35)<$B$34,ABS(G36)<$B$35,ABS(G37)<$B$36,ABS(G38)<$B$37,ABS(G39)<$B$38,ABS(G40)<$B$39),"EQUIPO SE ENCUENTRA COMPROBADO","EQUIPO TIENE ALGUNA AFECTACIÓN, ENVIAR A REVISIÓN") -> EQUIPO SE ENCUENTRA COMPROBADO | H24: =IF(AND(ABS(H33)<$B$32,ABS(H34)<$B$33,ABS(H35)<$B$34,ABS(H36)<$B$35,ABS(H37)<$B$36,ABS(H38)<$B$37,ABS(H39)<$B$38,ABS(H40)<$B$39),"EQUIPO SE ENCUENTRA COMPROBADO","EQUIPO TIENE ALGUNA AFECTACIÓN, ENVIAR A REVISIÓN") -> EQUIPO SE ENCUENTRA COMPROBADO | I24: 0 | J24: =B33 -> 1 | K24: =-B33 -> -1
B25: 428 | C25: 427.9 | D25: 427.9 | E25: 427.9 | I25: 428 | J25: =B34 -> 6 | K25: =-B34 -> -6
B26: 856 | C26: 855.9 | D26: 855.9 | E26: 856 | I26: 856 | J26: =B35 -> 6 | K26: =-B35 -> -6
B27: 1284 | C27: 1284.1 | D27: 1284.1 | E27: 1284.1 | I27: 1284 | J27: =B36 -> 6.42 | K27: =-B36 -> -6.42
B28: 1712 | C28: 1712.1 | D28: 1712.1 | E28: 1712.2 | I28: 1712.1 | J28: =B37 -> 8.56 | K28: =-B37 -> -8.56
B29: 2140 | C29: 2140.2 | D29: 2140.2 | E29: 2140.2 | I29: 2140.2 | J29: =B38 -> 10.7 | K29: =-B38 -> -10.7
B30: 2568 | C30: 2568.3 | D30: 2568.3 | E30: 2568.3 | I30: 2568.3 | J30: =B39 -> 12.84 | K30: =-B39 -> -12.84
B31: 3000 | C31: 3000.6 | D31: 3000.6 | E31: 3000.5 | I31: 3000.4 | J31: =B40 -> 15 | K31: =-B40 -> -15
B32: Error Máximo permitido (psi) | C32: ERROR O | D32: ERROR 1 | E32: ERROR 2 | G32: DIFERENCIA ERROR 0-1 | H32: DIFERENCIA ERROR 0-2
B33: =IF(AND(B24>=15,B24<=70),1,IF(AND(B24>70,B24<=300),B24*0.015,IF(AND(B24>300,B24<=1000),6,IF(AND(B24>1000),B24*0.005,1)))) -> 1 | C33: =C24-B24 -> 0 | D33: =D24-B24 -> 0 | E33: =IF(E24="","",E24-B24) -> 0 | G33: =C33-D33 -> 0 | H33: =C33-E33 -> 0
B34: =IF(AND(B25>=15,B25<=70),1,IF(AND(B25>70,B25<=300),B25*0.015,IF(AND(B25>300,B25<=1000),6,IF(AND(B25>1000),B25*0.005,1)))) -> 6 | C34: =C25-B25 -> -0.1 | D34: =D25-B25 -> -0.1 | E34: =IF(E25="","",E25-B25) -> -0.1 | G34: =C34-D34 -> 0 | H34: =C34-E34 -> 0
B35: =IF(AND(B26>=15,B26<=70),1,IF(AND(B26>70,B26<=300),B26*0.015,IF(AND(B26>300,B26<=1000),6,IF(AND(B26>1000),B26*0.005,1)))) -> 6 | C35: =C26-B26 -> -0.1 | D35: =D26-B26 -> -0.1 | E35: =IF(E26="","",E26-B26) -> 0 | G35: =C35-D35 -> 0 | H35: =C35-E35 -> -0.1
B36: =IF(AND(B27>=15,B27<=70),1,IF(AND(B27>70,B27<=300),B27*0.015,IF(AND(B27>300,B27<=1000),6,IF(AND(B27>1000),B27*0.005,1)))) -> 6.42 | C36: =C27-B27 -> 0.1 | D36: =D27-B27 -> 0.1 | E36: =IF(E27="","",E27-B27) -> 0.1 | G36: =C36-D36 -> 0 | H36: =C36-E36 -> 0
B37: =IF(AND(B28>=15,B28<=70),1,IF(AND(B28>70,B28<=300),B28*0.015,IF(AND(B28>300,B28<=1000),6,IF(AND(B28>1000),B28*0.005,1)))) -> 8.56 | C37: =C28-B28 -> 0.1 | D37: =D28-B28 -> 0.1 | E37: =IF(E28="","",E28-B28) -> 0.2 | G37: =C37-D37 -> 0 | H37: =C37-E37 -> -0.1
B38: =IF(AND(B29>=15,B29<=70),1,IF(AND(B29>70,B29<=300),B29*0.015,IF(AND(B29>300,B29<=1000),6,IF(AND(B29>1000),B29*0.005,1)))) -> 10.7 | C38: =C29-B29 -> 0.2 | D38: =D29-B29 -> 0.2 | E38: =IF(E29="","",E29-B29) -> 0.2 | G38: =C38-D38 -> 0 | H38: =C38-E38 -> 0
B39: =IF(AND(B30>=15,B30<=70),1,IF(AND(B30>70,B30<=300),B30*0.015,IF(AND(B30>300,B30<=1000),6,IF(AND(B30>1000),B30*0.005,1)))) -> 12.84 | C39: =C30-B30 -> 0.3 | D39: =D30-B30 -> 0.3 | E39: =IF(E30="","",E30-B30) -> 0.3 | G39: =C39-D39 -> 0 | H39: =C39-E39 -> 0
B40: =IF(AND(B31>=15,B31<=70),1,IF(AND(B31>70,B31<=300),B31*0.015,IF(AND(B31>300,B31<=1000),6,IF(AND(B31>1000),B31*0.005,1)))) -> 15 | C40: =C31-B31 -> 0.6 | D40: =D31-B31 -> 0.6 | E40: =IF(E31="","",E31-B31) -> 0.5 | G40: =C40-D40 -> 0 | H40: =C40-E40 -> 0.1

Sheet VERIFICACIÓN DANFOSS 870 
B2: INTRUMENTO | C2: MARCA | D2: MODELO | E2: SERIAL | F2: FECHA DE CALIBRACIÓN | G2: FECHA PROGRAMADA PARA REGISTRO INICIAL | H2: FECHA PROGRAMADA COMPROBACIÓN 1 | I2: FECHA PROGRAMADA COMPROBACIÓN 2
B3: PATRÓN | C3: CRYSTAL | D3: =IF($C$3='CONTROL CALIBRACIONES'!$C$14,'CONTROL CALIBRACIONES'!E14,IF($C$3='CONTROL CALIBRACIONES'!$C$15,'CONTROL CALIBRACIONES'!E15,'CONTROL CALIBRACIONES'!E16)) -> XP2i | E3: =IF($C$3='CONTROL CALIBRACIONES'!$C$14,'CONTROL CALIBRACIONES'!F14,IF($C$3='CONTROL CALIBRACIONES'!$C$15,'CONTROL CALIBRACIONES'!F15,'CONTROL CALIBRACIONES'!F16)) -> 357309 | F3: ='CONTROL CALIBRACIONES'!G14 -> 45681 | G3: =F4+5 -> 45906 | H3: =IF(TODAY()-$F$3<=340,$F$4+120,"ERROR, CALIBRE EL PATRÓN") -> 46021 | I3: =IF(TODAY()-$F$3<=340,$F$4+240,"ERROR, CALIBRE EL PATRÓN") -> 46141
B4: INDICE BAJO VERIFICACIÓN (IBV) | C4: DANFOSS | D4: MBS3000 | E4: 051950519282 | F4: ='CONTROL CALIBRACIONES'!G32 -> 45901
B6: DATOS Y RESULTADOS DE LA CALIBRACIÓN
B8: VALOR PATRÓN (psi) | C8: VALOR IBV (psi) | D8: ERROR (PSI) | E8: INCERTIDUMBRE | F8: Error máximo permitido (±psi) | G8: COMENTARIOS | H8: TEMPERATURA (°C) | I8: 20.3 | K8: Superior | L8: Inferior
A9: 1 | B9: 0 | C9: 0 | D9: =B9-C9 -> 0 | E9: 0.0064 | F9: 0.1 | G9: =IF(AND(ABS(D9)<F9,ABS(D10)<F10,ABS(D11)<F11,ABS(D12)<F12,ABS(D13)<F13,ABS(D14)<F14,ABS(D15)<F15,ABS(D16)<F16,ABS(D17)<F17,ABS(D18)<F18,ABS(D19)<F19),"EQUIPO CUMPLE ESPECIFICACIÓN","EQUIPO NO CUMPLE ESPECIFICACIÓN") -> EQUIPO CUMPLE ESPECIFICACIÓN | H9: PRESIÓN ATMOSFERICA (hPa) | I9: 747 | K9: =F9 -> 0.1 | L9: =-F9 -> -0.1
A10: 2 | B10: 15 | C10: 14.8697 | D10: =B10-C10 -> 0.1303 | E10: 0.0064 | F10: =IF(AND(B10>=15,B10<=70),2,IF(AND(B10>70,B10<=300),B10*0.03,IF(AND(B10>300,B10<=1000),12,IF(AND(B10>1000),B10*0.01,"Revisar")))) -> 2 | H10: HUMEDAD RELATIVA (%) | I10: 0.652 | K10: =F10 -> 2 | L10: =-F10 -> -2
A11: 3 | B11: 70 | C11: 69.8297 | D11: =B11-C11 -> 0.1703 | E11: 0.0073 | F11: =IF(AND(B11>=15,B11<=70),2,IF(AND(B11>70,B11<=300),B11*0.03,IF(AND(B11>300,B11<=1000),12,IF(AND(B11>1000),B11*0.01,"Revisar")))) -> 2 | H11: ENTE CERTIFICADOR | I11: Flexilatina | K11: =F11 -> 2 | L11: =-F11 -> -2
A12: 4 | B12: 108 | C12: 107.8197 | D12: =B12-C12 -> 0.1803 | E12: 0.0086 | F12: =IF(AND(B12>=15,B12<=70),2,IF(AND(B12>70,B12<=300),B12*0.03,IF(AND(B12>300,B12<=1000),12,IF(AND(B12>1000),B12*0.01,"Revisar")))) -> 3.24 | H12: FECHA DE CALIBRACIÓN | I12: =F4 -> 45901 | K12: =F12 -> 3.24 | L12: =-F12 -> -3.24
A13: 5 | B13: 216 | C13: 215.84 | D13: =B13-C13 -> 0.16 | E13: 0.017 | F13: =IF(AND(B13>=15,B13<=70),2,IF(AND(B13>70,B13<=300),B13*0.03,IF(AND(B13>300,B13<=1000),12,IF(AND(B13>1000),B13*0.01,"Revisar")))) -> 6.48 | H13: Después de que el equipo llega, se confirma que calibrando con un tiempo calendario de 1 año, el equipo sigue cumpliendo con las especificaiones requeridas, por lo cual se mantiene el periodo de un año según lo establecido en la OIML 10 método 1 | K13: =F13 -> 6.48 | L13: =-F13 -> -6.48
A14: 6 | B14: 324 | C14: 323.87 | D14: =B14-C14 -> 0.13 | E14: 0.026 | F14: =IF(AND(B14>=15,B14<=70),2,IF(AND(B14>70,B14<=300),B14*0.03,IF(AND(B14>300,B14<=1000),12,IF(AND(B14>1000),B14*0.01,"Revisar")))) -> 12 | K14: =F14 -> 12 | L14: =-F14 -> -12
A15: 7 | B15: 432 | C15: 431.75 | D15: =B15-C15 -> 0.25 | E15: 0.035 | F15: =IF(AND(B15>=15,B15<=70),2,IF(AND(B15>70,B15<=300),B15*0.03,IF(AND(B15>300,B15<=1000),12,IF(AND(B15>1000),B15*0.01,"Revisar")))) -> 12 | K15: =F15 -> 12 | L15: =-F15 -> -12
A16: 8 | B16: 540 | C16: 539.63 | D16: =B16-C16 -> 0.37 | E16: 0.043 | F16: =IF(AND(B16>=15,B16<=70),2,IF(AND(B16>70,B16<=300),B16*0.03,IF(AND(B16>300,B16<=1000),12,IF(AND(B16>1000),B16*0.01,"Revisar")))) -> 12 | K16: =F16 -> 12 | L16: =-F16 -> -12
A17: 9 | B17: 648 | C17: 647.22 | D17: =B17-C17 -> 0.78 | E17: 0.052 | F17: =IF(AND(B17>=15,B17<=70),2,IF(AND(B17>70,B17<=300),B17*0.03,IF(AND(B17>300,B17<=1000),12,IF(AND(B17>1000),B17*0.01,"Revisar")))) -> 12 | K17: =F17 -> 12 | L17: =-F17 -> -12
A18: 10 | B18: 756 | C18: 754.66 | D18: =B18-C18 -> 1.34 | E18: 0.06 | F18: =IF(AND(B18>=15,B18<=70),2,IF(AND(B18>70,B18<=300),B18*0.03,IF(AND(B18>300,B18<=1000),12,IF(AND(B18>1000),B18*0.01,"Revisar")))) -> 12 | K18: =F18 -> 12 | L18: =-F18 -> -12
A19: 11 | B19: 870 | C19: 868.05 | D19: =B19-C19 -> 1.95 | E19: 0.07 | F19: =IF(AND(B19>=15,B19<=70),2,IF(AND(B19>70,B19<=300),B19*0.03,IF(AND(B19>300,B19<=1000),12,IF(AND(B19>1000),B19*0.01,"Revisar")))) -> 12 | K19: =F19 -> 12 | L19: =-F19 -> -12
B21: DATOS Y RESULTADOS DE LAS COMPROBACIONES
B22: Fecha | C22: 45911 | D22: 45924
B23: Responsable | C23: Andrés Felipe Ovalle | D23: Andrés Felipe Ovalle
B24: VALOR PATRÓN (psi) | C24: VALOR REGISTRO INICIAL (psi) | D24: VALOR COMPROBACIÓN 1 (psi) | E24: VALOR COMPROBACIÓN 2 (psi) | G24: COMENTARIO COMPROBACIÓN 1 | H24: COMENTARIO COMPROBACIÓN 2 | J24: Superior | K24: Inferior
B25: 0 | C25: 0.01 | D25: 0 | G25: =IF(AND(ABS(G34)<$B$34,ABS(G35)<$B$35,ABS(G36)<$B$36,ABS(G37)<$B$37,ABS(G38)<$B$38,ABS(G39)<$B$39,ABS(G40)<$B$40,ABS(G41)<$B$41),"EQUIPO SE ENCUENTRA COMPROBADO","EQUIPO TIENE ALGUNA AFECTACIÓN, ENVIAR A REVISIÓN") -> EQUIPO SE ENCUENTRA COMPROBADO | H25: =IF(AND(ABS(H34)<$B$34,ABS(H35)<$B$35,ABS(H36)<$B$36,ABS(H37)<$B$37,ABS(H38)<$B$38,ABS(H39)<$B$39,ABS(H40)<$B$40,ABS(H41)<$B$41),"EQUIPO SE ENCUENTRA COMPROBADO","EQUIPO TIENE ALGUNA AFECTACIÓN, ENVIAR A REVISIÓN") -> #VALUE! | J25: =B34 -> 1 | K25: =-B34 -> -1
B26: 124 | C26: 123.85 | D26: 123.99 | J26: =B35 -> 1.86 | K26: =-B35 -> -1.86
B27: 248 | C27: 247.93 | D27: 247.93 | J27: =B36 -> 3.72 | K27: =-B36 -> -3.72
B28: 372 | C28: 371.75 | D28: 371.9 | J28: =B37 -> 6 | K28: =-B37 -> -6
B29: 496 | C29: 495.59 | D29: 495.74 | J29: =B38 -> 6 | K29: =-B38 -> -6
B30: 620 | C30: 619.8 | D30: 619.8 | J30: =B39 -> 6 | K30: =-B39 -> -6
B31: 744 | C31: 743.91 | D31: 743.91 | J31: =B40 -> 6 | K31: =-B40 -> -6
B32: 870 | C32: 869.75 | D32: 869.9 | J32: =B41 -> 6 | K32: =-B41 -> -6
B33: Error Máximo permitido (psi) | C33: ERROR O | D33: ERROR 1 | E33: ERROR 2 | G33: DIFERENCIA ERROR 0-1 | H33: DIFERENCIA ERROR 0-2
B34: =IF(AND(B25>=15,B25<=70),1,IF(AND(B25>70,B25<=300),B25*0.015,IF(AND(B25>300,B25<=1000),6,IF(AND(B25>1000),B25*0.005,1)))) -> 1 | C34: =IF(C25="","",C25-B25) -> 0.01 | D34: =IF(D25="","",D25-B25) -> 0 | E34: =IF(E25="","",E25-B25) | G34: =C34-D34 -> 0.01 | H34: =C34-E34 -> #VALUE!
B35: =IF(AND(B26>=15,B26<=70),1,IF(AND(B26>70,B26<=300),B26*0.015,IF(AND(B26>300,B26<=1000),6,IF(AND(B26>1000),B26*0.005,1)))) -> 1.86 | C35: =IF(C26="","",C26-B26) -> -0.15 | D35: =IF(D26="","",D26-B26) -> -0.01 | E35: =IF(E26="","",E26-B26) | G35: =C35-D35 -> -0.14 | H35: =C35-E35 -> #VALUE!
B36: =IF(AND(B27>=15,B27<=70),1,IF(AND(B27>70,B27<=300),B27*0.015,IF(AND(B27>300,B27<=1000),6,IF(AND(B27>1000),B27*0.005,1)))) -> 3.72 | C36: =IF(C27="","",C27-B27) -> -0.07 | D36: =IF(D27="","",D27-B27) -> -0.07 | E36: =IF(E27="","",E27-B27) | G36: =C36-D36 -> 0 | H36: =C36-E36 -> #VALUE!
B37: =IF(AND(B28>=15,B28<=70),1,IF(AND(B28>70,B28<=300),B28*0.015,IF(AND(B28>300,B28<=1000),6,IF(AND(B28>1000),B28*0.005,1)))) -> 6 | C37: =IF(C28="","",C28-B28) -> -0.25 | D37: =IF(D28="","",D28-B28) -> -0.1 | E37: =IF(E28="","",E28-B28) | G37: =C37-D37 -> -0.15 | H37: =C37-E37 -> #VALUE!
B38: =IF(AND(B29>=15,B29<=70),1,IF(AND(B29>70,B29<=300),B29*0.015,IF(AND(B29>300,B29<=1000),6,IF(AND(B29>1000),B29*0.005,1)))) -> 6 | C38: =IF(C29="","",C29-B29) -> -0.41 | D38: =IF(D29="","",D29-B29) -> -0.26 | E38: =IF(E29="","",E29-B29) | G38: =C38-D38 -> -0.15 | H38: =C38-E38 -> #VALUE!
B39: =IF(AND(B30>=15,B30<=70),1,IF(AND(B30>70,B30<=300),B30*0.015,IF(AND(B30>300,B30<=1000),6,IF(AND(B30>1000),B30*0.005,1)))) -> 6 | C39: =IF(C30="","",C30-B30) -> -0.2 | D39: =IF(D30="","",D30-B30) -> -0.2 | E39: =IF(E30="","",E30-B30) | G39: =C39-D39 -> 0 | H39: =C39-E39 -> #VALUE!
B40: =IF(AND(B31>=15,B31<=70),1,IF(AND(B31>70,B31<=300),B31*0.015,IF(AND(B31>300,B31<=1000),6,IF(AND(B31>1000),B31*0.005,1)))) -> 6 | C40: =IF(C31="","",C31-B31) -> -0.09 | D40: =IF(D31="","",D31-B31) -> -0.09 | E40: =IF(E31="","",E31-B31) | G40: =C40-D40 -> 0 | H40: =C40-E40 -> #VALUE!
B41: =IF(AND(B32>=15,B32<=70),1,IF(AND(B32>70,B32<=300),B32*0.015,IF(AND(B32>300,B32<=1000),6,IF(AND(B32>1000),B32*0.005,1)))) -> 6 | C41: =IF(C32="","",C32-B32) -> -0.25 | D41: =IF(D32="","",D32-B32) -> -0.1 | E41: =IF(E32="","",E32-B32) | G41: =C41-D41 -> -0.15 | H41: =C41-E41 -> #VALUE!
B43: Validación de software
B44: Registro inicial
B45: X | C45: Corrección | D45: Corrección curva | E45: Valor VST | F45: Valor curva
B46: -0.03 | C46: 0.04 | D46: 0.04 | E46: 0.01 | F46: 0.01
B47: 123.66 | C47: 0.19 | D47: 0.19 | E47: 123.85 | F47: 123.86
B48: 247.78 | C48: 0.16 | D48: 0.16 | E48: 247.93 | F48: 247.94
B49: 371.61 | C49: 0.15 | D49: 0.15 | E49: 371.75 | F49: 371.76
B50: 495.29 | C50: 0.3 | D50: 0.3 | E50: 495.59 | F50: 495.59
B51: 619.12 | C51: 0.68 | D51: 0.68 | E51: 619.8 | F51: 619.8
B52: 742.66 | C52: 1.25 | D52: 1.25 | E52: 743.91 | F52: 743.91
B53: 867.8 | C53: 1.95 | D53: 1.95 | E53: 869.75 | F53: 869.75
B54: Comprobación 1
B55: X | C55: Corrección | D55: Corrección curva | E55: Valor VST | F55: Valor curva
B56: -0.03 | C56: 0.04 | D56: 0.04 | E56: 0.01 | F56: 0.01
B57: 123.8 | C57: 0.19 | D57: 0.19 | E57: 123.99 | F57: 123.99
B58: 247.78 | C58: 0.16 | D58: 0.16 | E58: 247.93 | F58: 247.94
B59: 371.75 | C59: 0.15 | D59: 0.15 | E59: 371.9 | F59: 371.9
B60: 495.44 | C60: 0.3 | D60: 0.3 | E60: 495.74 | F60: 495.74
B61: 619.12 | C61: 0.68 | D61: 0.68 | E61: 619.8 | F61: 619.8
B62: 742.66 | C62: 1.25 | D62: 1.25 | E62: 743.91 | F62: 743.91
B63: 867.94 | C63: 1.96 | D63: 1.96 | E63: 869.9 | F63: 869.9
B64: Comprobación 2
B65: X | C65: Corrección | D65: Corrección curva | E65: Valor VST | F65: Valor curva
B66: 0 | C66: 0 | D66: 0 | E66: 0 | F66: 0
B67: 0 | C67: 0 | D67: 0 | E67: 0 | F67: 0
B68: 0 | C68: 0 | D68: 0 | E68: 0 | F68: 0
B69: 0 | C69: 0 | D69: 0 | E69: 0 | F69: 0
B70: 0 | C70: 0 | D70: 0 | E70: 0 | F70: 0
B71: 0 | C71: 0 | D71: 0 | E71: 0 | F71: 0
B72: 0 | C72: 0 | D72: 0 | E72: 0 | F72: 0
B73: 0 | C73: 0 | D73: 0 | E73: 0 | F73: 0

Sheet VERIFICACIÓN DANFOSS 3625
B2: INTRUMENTO | C2: MARCA | D2: MODELO | E2: SERIAL | F2: FECHA DE CALIBRACIÓN | G2: FECHA PROGRAMADA PARA REGISTRO INICIAL | H2: FECHA PROGRAMADA COMPROBACIÓN 1 | I2: FECHA PROGRAMADA COMPROBACIÓN 2
B3: PATRÓN | C3: CRYSTAL | D3: =IF($C$3='CONTROL CALIBRACIONES'!$C$14,'CONTROL CALIBRACIONES'!E14,IF($C$3='CONTROL CALIBRACIONES'!$C$15,'CONTROL CALIBRACIONES'!E15,'CONTROL CALIBRACIONES'!E16)) -> XP2i | E3: =IF($C$3='CONTROL CALIBRACIONES'!$C$14,'CONTROL CALIBRACIONES'!F14,IF($C$3='CONTROL CALIBRACIONES'!$C$15,'CONTROL CALIBRACIONES'!F15,'CONTROL CALIBRACIONES'!F16)) -> 357309 | F3: ='CONTROL CALIBRACIONES'!G14 -> 45681 | G3: =F4+5 -> 45902 | H3: =IF(TODAY()-$F$3<=340,$F$4+120,"ERROR, CALIBRE EL PATRÓN") -> 46017 | I3: =IF(TODAY()-$F$3<=340,$F$4+240,"ERROR, CALIBRE EL PATRÓN") -> 46137
B4: INDICE BAJO VERIFICACIÓN (IBV) | C4: DANFOSS | D4: MBS3000 | E4: 20275210 | F4: ='CONTROL CALIBRACIONES'!G33 -> 45897
B6: DATOS Y RESULTADOS DE LA CALIBRACIÓN
B8: VALOR PATRÓN (psi) | C8: VALOR IBV (psi) | D8: ERROR (PSI) | E8: INCERTIDUMBRE | F8: Error permitido (+- psi) | G8: COMENTARIOS | H8: TEMPERATURA (°C) | I8: 20.9 | K8: Superior | L8: Inferior
A9: 1 | B9: 0 | C9: 0 | D9: =B9-C9 -> 0 | E9: 0.0083 | F9: 0.1 | G9: =IF(AND(ABS(D9)<F9,ABS(D10)<F10,ABS(D11)<F11,ABS(D12)<F12,ABS(D13)<F13,ABS(D14)<F14,ABS(D15)<F15,ABS(D16)<F16,ABS(D17)<F17,ABS(D18)<F18,ABS(D19)<F19,ABS(D20)<F20),"EQUIPO CUMPLE ESPECIFICACIÓN","EQUIPO NO CUMPLE ESPECIFICACIÓN") -> EQUIPO CUMPLE ESPECIFICACIÓN | H9: PRESIÓN ATMOSFERICA (hPa) | I9: 747.8 | K9: =F9 -> 0.1 | L9: =-F9 -> -0.1
A10: 2 | B10: 329 | C10: 324.36 | D10: =B10-C10 -> 4.64 | E10: 0.32 | F10: =IF(AND(B10>=15,B10<=70),2,IF(AND(B10>70,B10<=300),B10*0.03,IF(AND(B10>300,B10<=1000),12,IF(AND(B10>1000),B10*0.01,"Revisar")))) -> 12 | H10: HUMEDAD RELATIVA (%) | I10: 0.689 | K10: =F10 -> 12 | L10: =-F10 -> -12
A11: 3 | B11: 568 | C11: 560.51 | D11: =B11-C11 -> 7.49 | E11: 0.26 | F11: =IF(AND(B11>=15,B11<=70),2,IF(AND(B11>70,B11<=300),B11*0.03,IF(AND(B11>300,B11<=1000),12,IF(AND(B11>1000),B11*0.01,"Revisar")))) -> 12 | H11: ENTE CERTIFICADOR | I11: Flexilatina | K11: =F11 -> 12 | L11: =-F11 -> -12
A12: 4 | B12: 987 | C12: 976.94 | D12: =B12-C12 -> 10.06 | E12: 0.25 | F12: =IF(AND(B12>=15,B12<=70),2,IF(AND(B12>70,B12<=300),B12*0.03,IF(AND(B12>300,B12<=1000),12,IF(AND(B12>1000),B12*0.01,"Revisar")))) -> 12 | H12: FECHA DE CALIBRACIÓN | I12: =F4 -> 45897 | K12: =F12 -> 12 | L12: =-F12 -> -12
A13: 5 | B13: 1316 | C13: 1304.56 | D13: =B13-C13 -> 11.44 | E13: 0.11 | F13: =IF(AND(B13>=15,B13<=70),2,IF(AND(B13>70,B13<=300),B13*0.03,IF(AND(B13>300,B13<=1000),12,IF(AND(B13>1000),B13*0.01,"Revisar")))) -> 13.16 | H13: Después de que el equipo llega, se confirma que calibrando con un tiempo calendario de 1 año, el equipo sigue cumpliendo con las especificaiones requeridas, por lo cual se mantiene el periodo de un año según lo establecido en la OIML 10 método 1 | K13: =F13 -> 13.16 | L13: =-F13 -> -13.16
A14: 6 | B14: 1645 | C14: 1632.52 | D14: =B14-C14 -> 12.48 | E14: 0.18 | F14: =IF(AND(B14>=15,B14<=70),2,IF(AND(B14>70,B14<=300),B14*0.03,IF(AND(B14>300,B14<=1000),12,IF(AND(B14>1000),B14*0.01,"Revisar")))) -> 16.45 | K14: =F14 -> 16.45 | L14: =-F14 -> -16.45
A15: 7 | B15: 1974 | C15: 1961.72 | D15: =B15-C15 -> 12.28 | E15: 0.34 | F15: =IF(AND(B15>=15,B15<=70),2,IF(AND(B15>70,B15<=300),B15*0.03,IF(AND(B15>300,B15<=1000),12,IF(AND(B15>1000),B15*0.01,"Revisar")))) -> 19.74 | K15: =F15 -> 19.74 | L15: =-F15 -> -19.74
A16: 8 | B16: 2303 | C16: 2290.96 | D16: =B16-C16 -> 12.04 | E16: 0.24 | F16: =IF(AND(B16>=15,B16<=70),2,IF(AND(B16>70,B16<=300),B16*0.03,IF(AND(B16>300,B16<=1000),12,IF(AND(B16>1000),B16*0.01,"Revisar")))) -> 23.03 | K16: =F16 -> 23.03 | L16: =-F16 -> -23.03
A17: 9 | B17: 2632 | C17: 2620.43 | D17: =B17-C17 -> 11.57 | E17: 0.81 | F17: =IF(AND(B17>=15,B17<=70),2,IF(AND(B17>70,B17<=300),B17*0.03,IF(AND(B17>300,B17<=1000),12,IF(AND(B17>1000),B17*0.01,"Revisar")))) -> 26.32 | K17: =F17 -> 26.32 | L17: =-F17 -> -26.32
A18: 10 | B18: 2961 | C18: 2947.29 | D18: =B18-C18 -> 13.71 | E18: 0.26 | F18: =IF(AND(B18>=15,B18<=70),2,IF(AND(B18>70,B18<=300),B18*0.03,IF(AND(B18>300,B18<=1000),12,IF(AND(B18>1000),B18*0.01,"Revisar")))) -> 29.61 | K18: =F18 -> 29.61 | L18: =-F18 -> -29.61
A19: 11 | B19: 3290 | C19: 3276.58 | D19: =B19-C19 -> 13.42 | E19: 0.26 | F19: =IF(AND(B19>=15,B19<=70),2,IF(AND(B19>70,B19<=300),B19*0.03,IF(AND(B19>300,B19<=1000),12,IF(AND(B19>1000),B19*0.01,"Revisar")))) -> 32.9 | K19: =F19 -> 32.9 | L19: =-F19 -> -32.9
A20: 12 | B20: 3625 | C20: 3612.19 | D20: =B20-C20 -> 12.81 | E20: 0.51 | F20: =IF(AND(B20>=15,B20<=70),2,IF(AND(B20>70,B20<=300),B20*0.03,IF(AND(B20>300,B20<=1000),12,IF(AND(B20>1000),B20*0.01,"Revisar")))) -> 36.25 | K20: =F20 -> 36.25 | L20: =-F20 -> -36.25
B22: DATOS Y RESULTADOS DE LAS COMPROBACIONES
B23: Fecha | C23: 45911 | D23: 45924
B24: Responsable | C24: Wilder Alberto Suarez | D24: Andrés Felipe Ovalle
B25: VALOR PATRÓN (psi) | C25: VALOR REGISTRO INICIAL (psi) | D25: VALOR COMPROBACIÓN 1 (psi) | E25: VALOR COMPROBACIÓN 2 (psi) | G25: COMENTARIO COMPROBACIÓN 1 | H25: COMENTARIO COMPROBACIÓN 2 | J25: Superior | K25: Inferior
B26: 0 | C26: -0.03 | D26: -0.03 | G26: =IF(AND(ABS(G35)<$B$35,ABS(G36)<$B$36,ABS(G37)<$B$37,ABS(G38)<$B$38,ABS(G39)<$B$39,ABS(G40)<$B$40,ABS(G41)<$B$41,ABS(G42)<$B$42),"EQUIPO SE ENCUENTRA COMPROBADO","EQUIPO TIENE ALGUNA AFECTACIÓN, ENVIAR A REVISIÓN") -> EQUIPO SE ENCUENTRA COMPROBADO | H26: =IF(AND(ABS(H35)<$B$35,ABS(H36)<$B$36,ABS(H37)<$B$37,ABS(H38)<$B$38,ABS(H39)<$B$39,ABS(H40)<$B$40,ABS(H41)<$B$41,ABS(H42)<$B$42),"EQUIPO SE ENCUENTRA COMPROBADO","EQUIPO TIENE ALGUNA AFECTACIÓN, ENVIAR A REVISIÓN") -> #VALUE! | J26: =B35 -> 1 | K26: =-B35 -> -1
B27: 428 | C27: 428.79 | D27: 428.18 | J27: =B36 -> 6 | K27: =-B36 -> -6
B28: 856 | C28: 856.46 | D28: 856.43 | J28: =B37 -> 6 | K28: =-B37 -> -6
B29: 1284 | C29: 1283.88 | D29: 1283.88 | J29: =B38 -> 6.42 | K29: =-B38 -> -6.42
B30: 1712 | C30: 1711.76 | D30: 1711.16 | J30: =B39 -> 8.56 | K30: =-B39 -> -8.56
B31: 2140 | C31: 2138.76 | D31: 2138.76 | J31: =B40 -> 10.7 | K31: =-B40 -> -10.7
B32: 2568 | C32: 2565.9 | D32: 2565.9 | J32: =B41 -> 12.84 | K32: =-B41 -> -12.84
B33: 3000 | C33: 2998.22 | D33: 2998.22 | J33: =B42 -> 15 | K33: =-B42 -> -15
B34: Error Máximo permitido (psi) | C34: ERROR O | D34: ERROR 1 | E34: ERROR 2 | G34: DIFERENCIA ERROR 0-1 | H34: DIFERENCIA ERROR 0-2
B35: =IF(AND(B26>=15,B26<=70),1,IF(AND(B26>70,B26<=300),B26*0.015,IF(AND(B26>300,B26<=1000),6,IF(AND(B26>1000),B26*0.005,1)))) -> 1 | C35: =IF(C26="","",C26-B26) -> -0.03 | D35: =IF(D26="","",D26-B26) -> -0.03 | E35: =IF(E26="","",E26-B26) | G35: =C35-D35 -> 0 | H35: =C35-E35 -> #VALUE!
B36: =IF(AND(B27>=15,B27<=70),1,IF(AND(B27>70,B27<=300),B27*0.015,IF(AND(B27>300,B27<=1000),6,IF(AND(B27>1000),B27*0.005,1)))) -> 6 | C36: =IF(C27="","",C27-B27) -> 0.79 | D36: =IF(D27="","",D27-B27) -> 0.18 | E36: =IF(E27="","",E27-B27) | G36: =C36-D36 -> 0.61 | H36: =C36-E36 -> #VALUE!
B37: =IF(AND(B28>=15,B28<=70),1,IF(AND(B28>70,B28<=300),B28*0.015,IF(AND(B28>300,B28<=1000),6,IF(AND(B28>1000),B28*0.005,1)))) -> 6 | C37: =IF(C28="","",C28-B28) -> 0.46 | D37: =IF(D28="","",D28-B28) -> 0.43 | E37: =IF(E28="","",E28-B28) | G37: =C37-D37 -> 0.03 | H37: =C37-E37 -> #VALUE!
B38: =IF(AND(B29>=15,B29<=70),1,IF(AND(B29>70,B29<=300),B29*0.015,IF(AND(B29>300,B29<=1000),6,IF(AND(B29>1000),B29*0.005,1)))) -> 6.42 | C38: =IF(C29="","",C29-B29) -> -0.12 | D38: =IF(D29="","",D29-B29) -> -0.12 | E38: =IF(E29="","",E29-B29) | G38: =C38-D38 -> 0 | H38: =C38-E38 -> #VALUE!
B39: =IF(AND(B30>=15,B30<=70),1,IF(AND(B30>70,B30<=300),B30*0.015,IF(AND(B30>300,B30<=1000),6,IF(AND(B30>1000),B30*0.005,1)))) -> 8.56 | C39: =IF(C30="","",C30-B30) -> -0.24 | D39: =IF(D30="","",D30-B30) -> -0.84 | E39: =IF(E30="","",E30-B30) | G39: =C39-D39 -> 0.6 | H39: =C39-E39 -> #VALUE!
B40: =IF(AND(B31>=15,B31<=70),1,IF(AND(B31>70,B31<=300),B31*0.015,IF(AND(B31>300,B31<=1000),6,IF(AND(B31>1000),B31*0.005,1)))) -> 10.7 | C40: =IF(C31="","",C31-B31) -> -1.24 | D40: =IF(D31="","",D31-B31) -> -1.24 | E40: =IF(E31="","",E31-B31) | G40: =C40-D40 -> 0 | H40: =C40-E40 -> #VALUE!
B41: =IF(AND(B32>=15,B32<=70),1,IF(AND(B32>70,B32<=300),B32*0.015,IF(AND(B32>300,B32<=1000),6,IF(AND(B32>1000),B32*0.005,1)))) -> 12.84 | C41: =IF(C32="","",C32-B32) -> -2.1 | D41: =IF(D32="","",D32-B32) -> -2.1 | E41: =IF(E32="","",E32-B32) | G41: =C41-D41 -> 0 | H41: =C41-E41 -> #VALUE!
B42: =IF(AND(B33>=15,B33<=70),1,IF(AND(B33>70,B33<=300),B33*0.015,IF(AND(B33>300,B33<=1000),6,IF(AND(B33>1000),B33*0.005,1)))) -> 15 | C42: =IF(C33="","",C33-B33) -> -1.78 | D42: =IF(D33="","",D33-B33) -> -1.78 | E42: =IF(E33="","",E33-B33) | G42: =C42-D42 -> 0 | H42: =C42-E42 -> #VALUE!
B44: Validación de software
B45: Registro inicial
B46: X | C46: Corrección | D46: Corrección curva | E46: Valor VST | F46: Valor curva
B47: -0.01 | C47: -0.02 | D47: -0.02 | E47: -0.03 | F47: -0.03
B48: 422.9 | C48: 5.89 | D48: 5.89 | E48: 428.79 | F48: 428.79
B49: 847.03 | C49: 9.43 | D49: 9.43 | E49: 856.46 | F49: 856.46
B50: 1272.36 | C50: 11.51 | D50: 11.51 | E50: 1283.88 | F50: 1283.87
B51: 1699.51 | C51: 12.25 | D51: 12.25 | E51: 1711.76 | F51: 1711.76
B52: 2126.65 | C52: 12.11 | D52: 12.11 | E52: 2138.76 | F52: 2138.76
B53: 2553.8 | C53: 12.1 | D53: 12.1 | E53: 2565.9 | F53: 2565.9
B54: 2985.18 | C54: 13.05 | D54: 13.05 | E54: 2998.22 | F54: 2998.23
B55: Comprobación 1
B56: X | C56: Corrección | D56: Corrección curva | E56: Valor VST | F56: Valor curva
B57: -0.01 | C57: -0.02 | D57: -0.02 | E57: -0.03 | F57: -0.03
B58: 422.3 | C58: 5.88 | D58: 5.88 | E58: 428.18 | F58: 428.18
B59: 847.03 | C59: 9.43 | D59: 9.43 | E59: 856.46 | F59: 856.46
B60: 1272.36 | C60: 11.51 | D60: 11.51 | E60: 1283.88 | F60: 1283.87
B61: 1698.9 | C61: 12.25 | D61: 12.25 | E61: 1711.16 | F61: 1711.16
B62: 2126.65 | C62: 12.11 | D62: 12.11 | E62: 2138.76 | F62: 2138.76
B63: 2553.8 | C63: 12.1 | D63: 12.1 | E63: 2565.9 | F63: 2565.9
B64: 2985.18 | C64: 13.05 | D64: 13.05 | E64: 2998.22 | F64: 2998.22
B65: Comprobación 2
B66: X | C66: Corrección | D66: Corrección curva | E66: Valor VST | F66: Valor curva
B67: 0 | C67: 0 | D67: 0 | E67: 0 | F67: 0
B68: 0 | C68: 0 | D68: 0 | E68: 0 | F68: 0
B69: 0 | C69: 0 | D69: 0 | E69: 0 | F69: 0
B70: 0 | C70: 0 | D70: 0 | E70: 0 | F70: 0
B71: 0 | C71: 0 | D71: 0 | E71: 0 | F71: 0
B72: 0 | C72: 0 | D72: 0 | E72: 0 | F72: 0
B73: 0 | C73: 0 | D73: 0 | E73: 0 | F73: 0
B74: 0 | C74: 0 | D74: 0 | E74: 0 | F74: 0

Sheet VERIFICACIÓN DANFOSS 145 
B2: INTRUMENTO | C2: MARCA | D2: MODELO | E2: SERIAL | F2: FECHA DE CALIBRACIÓN | G2: FECHA PROGRAMADA PARA REGISTRO INICIAL | H2: FECHA PROGRAMADA COMPROBACIÓN 1 | I2: FECHA PROGRAMADA COMPROBACIÓN 2
B3: PATRÓN | C3: CRYSTAL | D3: =IF($C$3='CONTROL CALIBRACIONES'!$C$14,'CONTROL CALIBRACIONES'!E14,IF($C$3='CONTROL CALIBRACIONES'!$C$15,'CONTROL CALIBRACIONES'!E15,'CONTROL CALIBRACIONES'!E16)) -> XP2i | E3: =IF($C$3='CONTROL CALIBRACIONES'!$C$14,'CONTROL CALIBRACIONES'!F14,IF($C$3='CONTROL CALIBRACIONES'!$C$15,'CONTROL CALIBRACIONES'!F15,'CONTROL CALIBRACIONES'!F16)) -> 357309 | F3: ='CONTROL CALIBRACIONES'!G14 -> 45681 | G3: =F4+5 -> 45924 | H3: =IF(TODAY()-$F$3<=340,$F$4+120,"ERROR, CALIBRE EL PATRÓN") -> 46039 | I3: =IF(TODAY()-$F$3<=340,$F$4+240,"ERROR, CALIBRE EL PATRÓN") -> 46159
B4: INDICE BAJO VERIFICACIÓN (IBV) | C4: DANFOSS | D4: MBS3000 | E4: 92833390 | F4: ='CONTROL CALIBRACIONES'!G41 -> 45919
B6: DATOS Y RESULTADOS DE LA CALIBRACIÓN
B8: VALOR PATRÓN (psi) | C8: VALOR IBV (psi) | D8: ERROR (PSI) | E8: INCERTIDUMBRE | F8: Error permitido (+- psi) | G8: COMENTARIOS | H8: TEMPERATURA (°C) | I8: 20.1 | K8: Superior | L8: Inferior
A9: 1 | B9: 0 | C9: 0 | D9: =B9-C9 -> 0 | E9: 0.0058 | F9: 0.1 | G9: =IF(AND(ABS(D9)<F9,ABS(D10)<F10,ABS(D11)<F11,ABS(D12)<F12,ABS(D13)<F13,ABS(D14)<F14,ABS(D15)<F15,ABS(D16)<F16,ABS(D18)<F18),"EQUIPO CUMPLE ESPECIFICACIÓN","EQUIPO NO CUMPLE ESPECIFICACIÓN") -> EQUIPO CUMPLE ESPECIFICACIÓN | H9: PRESIÓN ATMOSFERICA (hPa) | I9: 748.7 | K9: =F9 -> 0.1 | L9: =-F9 -> -0.1
A10: 2 | B10: 10 | C10: 10.058 | D10: =B10-C10 -> -0.058 | E10: 0.048 | F10: =IF(AND(B10>=10,B10<=70),2,IF(AND(B10>70,B10<=300),B10*0.03,IF(AND(B10>300,B10<=1000),12,IF(AND(B10>1000),B10*0.01,"Revisar")))) -> 2 | H10: HUMEDAD RELATIVA (%) | I10: 0.665 | K10: =F10 -> 2 | L10: =-F10 -> -2
A11: 3 | B11: 15 | C11: 15.045 | D11: =B11-C11 -> -0.045 | E11: 0.025 | F11: =IF(AND(B11>=15,B11<=70),2,IF(AND(B11>70,B11<=300),B11*0.03,IF(AND(B11>300,B11<=1000),12,IF(AND(B11>1000),B11*0.01,"Revisar")))) -> 2 | H11: ENTE CERTIFICADOR | I11: Flexilatina | K11: =F11 -> 2 | L11: =-F11 -> -2
A12: 4 | B12: 36 | C12: 36.058 | D12: =B12-C12 -> -0.058 | E12: 0.023 | F12: =IF(AND(B12>=15,B12<=70),2,IF(AND(B12>70,B12<=300),B12*0.03,IF(AND(B12>300,B12<=1000),12,IF(AND(B12>1000),B12*0.01,"Revisar")))) -> 2 | H12: FECHA DE CALIBRACIÓN | I12: =F4 -> 45919 | K12: =F12 -> 2 | L12: =-F12 -> -2
A13: 5 | B13: 54 | C13: 54.083 | D13: =B13-C13 -> -0.083 | E13: 0.044 | F13: =IF(AND(B13>=15,B13<=70),2,IF(AND(B13>70,B13<=300),B13*0.03,IF(AND(B13>300,B13<=1000),12,IF(AND(B13>1000),B13*0.01,"Revisar")))) -> 2 | H13: Después de que el equipo llega, se confirma que calibrando con un tiempo calendario de 1 año, el equipo sigue cumpliendo con las especificaiones requeridas, por lo cual se mantiene el periodo de un año según lo establecido en la OIML 10 método 1 | K13: =F13 -> 2 | L13: =-F13 -> -2
A14: 6 | B14: 72 | C14: 72.113 | D14: =B14-C14 -> -0.113 | E14: 0.044 | F14: =IF(AND(B14>=15,B14<=70),2,IF(AND(B14>70,B14<=300),B14*0.03,IF(AND(B14>300,B14<=1000),12,IF(AND(B14>1000),B14*0.01,"Revisar")))) -> 2.16 | K14: =F14 -> 2.16 | L14: =-F14 -> -2.16
A15: 7 | B15: 90 | C15: 90.08 | D15: =B15-C15 -> -0.08 | E15: 0.023 | F15: =IF(AND(B15>=15,B15<=70),2,IF(AND(B15>70,B15<=300),B15*0.03,IF(AND(B15>300,B15<=1000),12,IF(AND(B15>1000),B15*0.01,"Revisar")))) -> 2.7 | K15: =F15 -> 2.7 | L15: =-F15 -> -2.7
A16: 8 | B16: 108 | C16: 108.04 | D16: =B16-C16 -> -0.04 | E16: 0.021 | F16: =IF(AND(B16>=15,B16<=70),2,IF(AND(B16>70,B16<=300),B16*0.03,IF(AND(B16>300,B16<=1000),12,IF(AND(B16>1000),B16*0.01,"Revisar")))) -> 3.24 | K16: =F16 -> 3.24 | L16: =-F16 -> -3.24
A17: 9 | B17: 126 | C17: 125.918 | D17: =B17-C17 -> 0.082 | E17: 0.033 | F17: =IF(AND(B17>=15,B17<=70),2,IF(AND(B17>70,B17<=300),B17*0.03,IF(AND(B17>300,B17<=1000),12,IF(AND(B17>1000),B17*0.01,"Revisar")))) -> 3.78 | K17: =F17 -> 3.78 | L17: =-F17 -> -3.78
A18: 10 | B18: 145 | C18: 144.835 | D18: =B18-C18 -> 0.165 | E18: 0.017 | F18: =IF(AND(B18>=15,B18<=70),2,IF(AND(B18>70,B18<=300),B18*0.03,IF(AND(B18>300,B18<=1000),12,IF(AND(B18>1000),B18*0.01,"Revisar")))) -> 4.35 | K18: =F18 -> 4.35 | L18: =-F18 -> -4.35
B20: DATOS Y RESULTADOS DE LAS COMPROBACIONES
B21: Fecha | C21: 45924 | D21: 45931
B22: Responsable | C22: Andrés Felipe Ovalle | D22: Andrés Felipe Ovalle
B23: VALOR PATRÓN (psi) | C23: VALOR REGISTRO INICIAL (psi) | D23: VALOR COMPROBACIÓN 1 (psi) | E23: VALOR COMPROBACIÓN 2 (psi) | G23: COMENTARIO COMPROBACIÓN 1 | H23: COMENTARIO COMPROBACIÓN 2 | J23: Superior | K23: Inferior
B24: 0 | C24: 0 | D24: 0 | G24: =IF(AND(ABS(G33)<$B$33,ABS(G34)<$B$34,ABS(G35)<$B$35,ABS(G36)<$B$36,ABS(G37)<$B$37,ABS(G38)<$B$38,ABS(G39)<$B$39,ABS(G40)<$B$40),"EQUIPO SE ENCUENTRA COMPROBADO","EQUIPO TIENE ALGUNA AFECTACIÓN, ENVIAR A REVISIÓN") -> EQUIPO SE ENCUENTRA COMPROBADO | H24: =IF(AND(ABS(H33)<$B$33,ABS(H34)<$B$34,ABS(H35)<$B$35,ABS(H36)<$B$36,ABS(H37)<$B$37,ABS(H38)<$B$38,ABS(H39)<$B$39,ABS(H40)<$B$40),"EQUIPO SE ENCUENTRA COMPROBADO","EQUIPO TIENE ALGUNA AFECTACIÓN, ENVIAR A REVISIÓN") -> #VALUE! | I24: 0 | J24: =B33 -> 1 | K24: =-B33 -> -1
B25: 20 | C25: 19.93 | D25: 20.01 | I25: 19.87 | J25: =B34 -> 1 | K25: =-B34 -> -1
B26: 40 | C26: 39.91 | D26: 39.95 | I26: 39.83 | J26: =B35 -> 1 | K26: =-B35 -> -1
B27: 60 | C27: 59.92 | D27: 59.93 | I27: 59.89 | J27: =B36 -> 1 | K27: =-B36 -> -1
B28: 80 | C28: 79.96 | D28: 80.02 | I28: 79.9 | J28: =B37 -> 1.2 | K28: =-B37 -> -1.2
B29: 100 | C29: 99.97 | D29: 100 | I29: 99.91 | J29: =B38 -> 1.5 | K29: =-B38 -> -1.5
B30: 120 | C30: 120.03 | D30: 119.95 | I30: 119.85 | J30: =B39 -> 1.8 | K30: =-B39 -> -1.8
B31: 145 | C31: 145 | D31: 144.83 | I31: 144.71 | J31: =B40 -> 2.175 | K31: =-B40 -> -2.175
B32: Error Máximo permitido (psi) | C32: ERROR O | D32: ERROR 1 | E32: ERROR 2 | G32: DIFERENCIA ERROR 0-1 | H32: DIFERENCIA ERROR 0-2
B33: =IF(AND(B24>=15,B24<=70),1,IF(AND(B24>70,B24<=300),B24*0.015,IF(AND(B24>300,B24<=1000),6,IF(AND(B24>1000),B24*0.005,1)))) -> 1 | C33: =IF(C24="","",C24-B24) -> 0 | D33: =IF(D24="","",D24-B24) -> 0 | E33: =IF(E24="","",E24-B24) | G33: =C33-D33 -> 0 | H33: =C33-E33 -> #VALUE!
B34: =IF(AND(B25>=15,B25<=70),1,IF(AND(B25>70,B25<=300),B25*0.015,IF(AND(B25>300,B25<=1000),6,IF(AND(B25>1000),B25*0.005,1)))) -> 1 | C34: =IF(C25="","",C25-B25) -> -0.07 | D34: =IF(D25="","",D25-B25) -> 0.01 | E34: =IF(E25="","",E25-B25) | G34: =C34-D34 -> -0.08 | H34: =C34-E34 -> #VALUE!
B35: =IF(AND(B26>=15,B26<=70),1,IF(AND(B26>70,B26<=300),B26*0.015,IF(AND(B26>300,B26<=1000),6,IF(AND(B26>1000),B26*0.005,1)))) -> 1 | C35: =IF(C26="","",C26-B26) -> -0.09 | D35: =IF(D26="","",D26-B26) -> -0.05 | E35: =IF(E26="","",E26-B26) | G35: =C35-D35 -> -0.04 | H35: =C35-E35 -> #VALUE!
B36: =IF(AND(B27>=15,B27<=70),1,IF(AND(B27>70,B27<=300),B27*0.015,IF(AND(B27>300,B27<=1000),6,IF(AND(B27>1000),B27*0.005,1)))) -> 1 | C36: =IF(C27="","",C27-B27) -> -0.08 | D36: =IF(D27="","",D27-B27) -> -0.07 | E36: =IF(E27="","",E27-B27) | G36: =C36-D36 -> -0.01 | H36: =C36-E36 -> #VALUE!
B37: =IF(AND(B28>=15,B28<=70),1,IF(AND(B28>70,B28<=300),B28*0.015,IF(AND(B28>300,B28<=1000),6,IF(AND(B28>1000),B28*0.005,1)))) -> 1.2 | C37: =IF(C28="","",C28-B28) -> -0.04 | D37: =IF(D28="","",D28-B28) -> 0.02 | E37: =IF(E28="","",E28-B28) | G37: =C37-D37 -> -0.06 | H37: =C37-E37 -> #VALUE!
B38: =IF(AND(B29>=15,B29<=70),1,IF(AND(B29>70,B29<=300),B29*0.015,IF(AND(B29>300,B29<=1000),6,IF(AND(B29>1000),B29*0.005,1)))) -> 1.5 | C38: =IF(C29="","",C29-B29) -> -0.03 | D38: =IF(D29="","",D29-B29) -> 0 | E38: =IF(E29="","",E29-B29) | G38: =C38-D38 -> -0.03 | H38: =C38-E38 -> #VALUE!
B39: =IF(AND(B30>=15,B30<=70),1,IF(AND(B30>70,B30<=300),B30*0.015,IF(AND(B30>300,B30<=1000),6,IF(AND(B30>1000),B30*0.005,1)))) -> 1.8 | C39: =IF(C30="","",C30-B30) -> 0.03 | D39: =IF(D30="","",D30-B30) -> -0.05 | E39: =IF(E30="","",E30-B30) | G39: =C39-D39 -> 0.08 | H39: =C39-E39 -> #VALUE!
B40: =IF(AND(B31>=15,B31<=70),1,IF(AND(B31>70,B31<=300),B31*0.015,IF(AND(B31>300,B31<=1000),6,IF(AND(B31>1000),B31*0.005,1)))) -> 2.175 | C40: =IF(C31="","",C31-B31) -> 0 | D40: =IF(D31="","",D31-B31) -> -0.17 | E40: =IF(E31="","",E31-B31) | G40: =C40-D40 -> 0.17 | H40: =C40-E40 -> #VALUE!
B42: Validación de software
B43: Registro inicial
B44: X | C44: Corrección | D44: Corrección curva | E44: Valor VST | F44: Valor curva
B45: 0 | C45: 0 | D45: 0 | E45: 0 | F45: 0
B46: 19.99 | C46: -0.06 | D46: -0.06 | E46: 19.93 | F46: 19.93
B47: 39.98 | C47: -0.06 | D47: -0.06 | E47: 39.91 | F47: 39.91
B48: 60.01 | C48: -0.09 | D48: -0.09 | E48: 59.92 | F48: 59.92
B49: 80.07 | C49: -0.11 | D49: -0.11 | E49: 79.96 | F49: 79.96
B50: 100.03 | C50: -0.06 | D50: -0.06 | E50: 99.96 | F50: 99.97
B51: 119.99 | C51: 0.04 | D51: 0.04 | E51: 120.03 | F51: 120.03
B52: 144.83 | C52: 0.17 | D52: 0.17 | E52: 145 | F52: 145
B53: Comprobación 1
B54: X | C54: Corrección | D54: Corrección curva | E54: Valor VST | F54: Valor curva
B55: 0 | C55: 0 | D55: 0 | E55: 0 | F55: 0
B56: 19.99 | C56: -0.06 | D56: -0.06 | E56: 19.93 | F56: 19.93
B57: 39.98 | C57: -0.06 | D57: -0.06 | E57: 39.91 | F57: 39.91
B58: 60.01 | C58: -0.09 | D58: -0.09 | E58: 59.92 | F58: 59.92
B59: 80.07 | C59: -0.11 | D59: -0.11 | E59: 79.96 | F59: 79.96
B60: 100.03 | C60: -0.06 | D60: -0.06 | E60: 99.96 | F60: 99.97
B61: 119.99 | C61: 0.04 | D61: 0.04 | E61: 120.03 | F61: 120.03
B62: 144.83 | C62: 0.17 | D62: 0.17 | E62: 145 | F62: 145
B63: Comprobación 2
B64: X | C64: Corrección | D64: Corrección curva | E64: Valor VST | F64: Valor curva
B65: 0 | C65: 0 | D65: 0 | E65: 0 | F65: 0
B66: 0 | C66: 0 | D66: 0 | E66: 0 | F66: 0
B67: 0 | C67: 0 | D67: 0 | E67: 0 | F67: 0
B68: 0 | C68: 0 | D68: 0 | E68: 0 | F68: 0
B69: 0 | C69: 0 | D69: 0 | E69: 0 | F69: 0
B70: 0 | C70: 0 | D70: 0 | E70: 0 | F70: 0
B71: 0 | C71: 0 | D71: 0 | E71: 0 | F71: 0
B72: 0 | C72: 0 | D72: 0 | E72: 0 | F72: 0

Sheet VERIFICACIÓN RITHERM
B2: INTRUMENTO | C2: MARCA | D2: MODELO | E2: SERIAL | F2: FECHA DE CALIBRACIÓN | G2: FECHA PROGRAMADA PARA REGISTRO INICIAL | H2: FECHA PROGRAMADA COMPROBACIÓN 1 | I2: FECHA PROGRAMADA COMPROBACIÓN 2
B3: PATRÓN | C3: CRYSTAL | D3: =IF($C$3='CONTROL CALIBRACIONES'!$C$14,'CONTROL CALIBRACIONES'!E14,IF($C$3='CONTROL CALIBRACIONES'!$C$15,'CONTROL CALIBRACIONES'!E15,'CONTROL CALIBRACIONES'!E16)) -> XP2i | E3: =IF($C$3='CONTROL CALIBRACIONES'!$C$14,'CONTROL CALIBRACIONES'!F14,IF($C$3='CONTROL CALIBRACIONES'!$C$15,'CONTROL CALIBRACIONES'!F15,'CONTROL CALIBRACIONES'!F16)) -> 357309 | F3: ='CONTROL CALIBRACIONES'!G14 -> 45681 | G3: =F4+5 -> 45906 | H3: =IF(TODAY()-$F$3<=340,$F$4+120,"ERROR, CALIBRE EL PATRÓN") -> 46021 | I3: =IF(TODAY()-$F$3<=340,$F$4+240,"ERROR, CALIBRE EL PATRÓN") -> 46141
B4: INDICE BAJO VERIFICACIÓN (IBV) | C4: RITHERM | D4: 3000 | E4: 2074022 | F4: ='CONTROL CALIBRACIONES'!G42 -> 45901
B6: DATOS Y RESULTADOS DE LA CALIBRACIÓN
B8: VALOR PATRÓN (psi) | C8: VALOR IBV (psi) | D8: ERROR (PSI) | E8: INCERTIDUMBRE | F8: Error permitido (+- psi) | G8: COMENTARIOS | H8: TEMPERATURA (°C) | I8: 20.4 | K8: Superior | L8: Inferior
A9: 1 | B9: 0 | C9: 0 | D9: =B9-C9 -> 0 | E9: 0.0064 | F9: 0.1 | G9: =IF(AND(ABS(D9)<F9,ABS(D10)<F10,ABS(D11)<F11,ABS(D12)<F12,ABS(D13)<F13,ABS(D14)<F14,ABS(D15)<F15,ABS(D16)<F16,ABS(D17)<F17,ABS(D18)<F18,ABS(D19)<F19,ABS(D20)<F20,ABS(D21)<F21),"EQUIPO CUMPLE ESPECIFICACIÓN","EQUIPO NO CUMPLE ESPECIFICACIÓN") -> EQUIPO CUMPLE ESPECIFICACIÓN | H9: PRESIÓN ATMOSFERICA (hPa) | I9: 746.2 | K9: =F9 -> 0.1 | L9: =-F9 -> -0.1
A10: 2 | B10: 15 | C10: 16.51 | D10: =B10-C10 -> -1.51 | E10: 0.21 | F10: =IF(AND(B10>=15,B10<=70),2,IF(AND(B10>70,B10<=300),B10*0.03,IF(AND(B10>300,B10<=1000),12,IF(AND(B10>1000),B10*0.01,"Revisar")))) -> 2 | H10: HUMEDAD RELATIVA (%) | I10: 0.661 | K10: =F10 -> 2 | L10: =-F10 -> -2
A11: 3 | B11: 50 | C11: 51.295 | D11: =B11-C11 -> -1.295 | E11: 0.087 | F11: =IF(AND(B11>=15,B11<=70),2,IF(AND(B11>70,B11<=300),B11*0.03,IF(AND(B11>300,B11<=1000),12,IF(AND(B11>1000),B11*0.01,"Revisar")))) -> 2 | H11: ENTE CERTIFICADOR | I11: Flexilatina | K11: =F11 -> 2 | L11: =-F11 -> -2
A12: 4 | B12: 100 | C12: 101.47 | D12: =B12-C12 -> -1.47 | E12: 0.25 | F12: =IF(AND(B12>=15,B12<=70),2,IF(AND(B12>70,B12<=300),B12*0.03,IF(AND(B12>300,B12<=1000),12,IF(AND(B12>1000),B12*0.01,"Revisar")))) -> 3 | H12: FECHA DE CALIBRACIÓN | I12: =F4 -> 45901 | K12: =F12 -> 3 | L12: =-F12 -> -3
A13: 5 | B13: 200 | C13: 201.09 | D13: =B13-C13 -> -1.09 | E13: 0.14 | F13: =IF(AND(B13>=15,B13<=70),2,IF(AND(B13>70,B13<=300),B13*0.03,IF(AND(B13>300,B13<=1000),12,IF(AND(B13>1000),B13*0.01,"Revisar")))) -> 6 | H13: Después de que el equipo llega, se confirma que calibrando con un tiempo calendario de 1 año, el equipo sigue cumpliendo con las especificaiones requeridas, por lo cual se mantiene el periodo de un año según lo establecido en la OIML 10 método 1 | K13: =F13 -> 6 | L13: =-F13 -> -6
A14: 6 | B14: 300 | C14: 302.42 | D14: =B14-C14 -> -2.42 | E14: 0.3 | F14: =IF(AND(B14>=15,B14<=70),2,IF(AND(B14>70,B14<=300),B14*0.03,IF(AND(B14>300,B14<=1000),12,IF(AND(B14>1000),B14*0.01,"Revisar")))) -> 9 | K14: =F14 -> 9 | L14: =-F14 -> -9
A15: 7 | B15: 400 | C15: 403.6 | D15: =B15-C15 -> -3.6 | E15: 0.28 | F15: =IF(AND(B15>=15,B15<=70),2,IF(AND(B15>70,B15<=300),B15*0.03,IF(AND(B15>300,B15<=1000),12,IF(AND(B15>1000),B15*0.01,"Revisar")))) -> 12 | K15: =F15 -> 12 | L15: =-F15 -> -12
A16: 8 | B16: 500 | C16: 504.63 | D16: =B16-C16 -> -4.63 | E16: 0.2 | F16: =IF(AND(B16>=15,B16<=70),2,IF(AND(B16>70,B16<=300),B16*0.03,IF(AND(B16>300,B16<=1000),12,IF(AND(B16>1000),B16*0.01,"Revisar")))) -> 12 | K16: =F16 -> 12 | L16: =-F16 -> -12
A17: 9 | B17: 600 | C17: 604.91 | D17: =B17-C17 -> -4.91 | E17: 0.52 | F17: =IF(AND(B17>=15,B17<=70),2,IF(AND(B17>70,B17<=300),B17*0.03,IF(AND(B17>300,B17<=1000),12,IF(AND(B17>1000),B17*0.01,"Revisar")))) -> 12 | K17: =F17 -> 12 | L17: =-F17 -> -12
A18: 10 | B18: 700 | C18: 705.92 | D18: =B18-C18 -> -5.92 | E18: 0.87 | F18: =IF(AND(B18>=15,B18<=70),2,IF(AND(B18>70,B18<=300),B18*0.03,IF(AND(B18>300,B18<=1000),12,IF(AND(B18>1000),B18*0.01,"Revisar")))) -> 12 | K18: =F18 -> 12 | L18: =-F18 -> -12
A19: 11 | B19: 800 | C19: 806.13 | D19: =B19-C19 -> -6.13 | E19: 0.42 | F19: =IF(AND(B19>=15,B19<=70),2,IF(AND(B19>70,B19<=300),B19*0.03,IF(AND(B19>300,B19<=1000),12,IF(AND(B19>1000),B19*0.01,"Revisar")))) -> 12 | K19: =F19 -> 12 | L19: =-F19 -> -12
A20: 12 | B20: 900 | C20: 905.88 | D20: =B20-C20 -> -5.88 | E20: 0.64 | F20: =IF(AND(B20>=15,B20<=70),2,IF(AND(B20>70,B20<=300),B20*0.03,IF(AND(B20>300,B20<=1000),12,IF(AND(B20>1000),B20*0.01,"Revisar")))) -> 12 | K20: =F20 -> 12 | L20: =-F20 -> -12
A21: 13 | B21: 1000 | C21: 1006.37 | D21: =B21-C21 -> -6.37 | E21: 0.33 | F21: =IF(AND(B21>=15,B21<=70),2,IF(AND(B21>70,B21<=300),B21*0.03,IF(AND(B21>300,B21<=1000),12,IF(AND(B21>1000),B21*0.01,"Revisar")))) -> 12 | K21: =F21 -> 12 | L21: =-F21 -> -12
B23: DATOS Y RESULTADOS DE LAS COMPROBACIONES
B24: Fecha | C24: 45905 | D24: 45924
B25: Responsable | C25: Wilder Alberto Suarez | D25: Andrés Felipe Ovalle
B26: VALOR PATRÓN (psi) | C26: VALOR REGISTRO INICIAL (psi) | D26: VALOR COMPROBACIÓN 1 (psi) | E26: VALOR COMPROBACIÓN 2 (psi) | G26: COMENTARIO COMPROBACIÓN 1 | H26: COMENTARIO COMPROBACIÓN 2 | J26: Superior | K26: Inferior
B27: 0 | C27: 0 | D27: 0 | G27: =IF(AND(ABS(G36)<$B$36,ABS(G37)<$B$37,ABS(G38)<$B$38,ABS(G39)<$B$39,ABS(G40)<$B$40,ABS(G41)<$B$41,ABS(G42)<$B$42,ABS(G43)<$B$43),"EQUIPO SE ENCUENTRA COMPROBADO","EQUIPO TIENE ALGUNA AFECTACIÓN, ENVIAR A REVISIÓN") -> EQUIPO SE ENCUENTRA COMPROBADO | H27: =IF(AND(ABS(H36)<$B$36,ABS(H37)<$B$37,ABS(H38)<$B$38,ABS(H39)<$B$39,ABS(H40)<$B$40,ABS(H41)<$B$41,ABS(H42)<$B$42,ABS(H43)<$B$43),"EQUIPO SE ENCUENTRA COMPROBADO","EQUIPO TIENE ALGUNA AFECTACIÓN, ENVIAR A REVISIÓN") -> #VALUE! | J27: =B36 -> 1 | K27: =-B36 -> -1
B28: 142 | C28: 141.08 | D28: 141.25 | J28: =B37 -> 2.13 | K28: =-B37 -> -2.13
B29: 284 | C29: 283.85 | D29: 284.28 | J29: =B38 -> 4.26 | K29: =-B38 -> -4.26
B30: 426 | C30: 425 | D30: 424.51 | J30: =B39 -> 5 | K30: =-B39 -> -5
B31: 568 | C31: 566.84 | D31: 566.35 | J31: =B40 -> 5 | K31: =-B40 -> -5
B32: 710 | C32: 708.8 | D32: 708.48 | J32: =B41 -> 5 | K32: =-B41 -> -5
B33: 852 | C33: 851.07 | D33: 850.9 | J33: =B42 -> 5 | K33: =-B42 -> -5
B34: 1000 | C34: 999.4 | D34: 999.99 | J34: =B43 -> 5 | K34: =-B43 -> -5
B35: Error Máximo permitido (psi) | C35: ERROR 0 | D35: ERROR 1 | E35: ERROR 2 | G35: DIFERENCIA ERROR 0-1 | H35: DIFERENCIA ERROR 0-2
B36: =IF(AND(B27>=15,B27<=70),1,IF(AND(B27>70,B27<=300),B27*0.015,IF(AND(B27>300,B27<=1000),5,IF(AND(B27>1000),B27*0.005,1)))) -> 1 | C36: =C27-$B$27 -> 0 | D36: =D27-B27 -> 0 | E36: =IF(E27="","",E27-B27) | G36: =C36-D36 -> 0 | H36: =IF(E27="","",C36-E36)
B37: =IF(AND(B28>=15,B28<=70),1,IF(AND(B28>70,B28<=300),B28*0.015,IF(AND(B28>300,B28<=1000),5,IF(AND(B28>1000),B28*0.005,1)))) -> 2.13 | C37: =C28-$B$28 -> -0.92 | D37: =D28-B28 -> -0.75 | E37: =IF(E28="","",E28-B28) | G37: =C37-D37 -> -0.17 | H37: =IF(E28="","",C37-E37)
B38: =IF(AND(B29>=15,B29<=70),1,IF(AND(B29>70,B29<=300),B29*0.015,IF(AND(B29>300,B29<=1000),5,IF(AND(B29>1000),B29*0.005,1)))) -> 4.26 | C38: =C29-$B$29 -> -0.15 | D38: =D29-B29 -> 0.28 | E38: =IF(E29="","",E29-B29) | G38: =C38-D38 -> -0.43 | H38: =IF(E29="","",C38-E38)
B39: =IF(AND(B30>=15,B30<=70),1,IF(AND(B30>70,B30<=300),B30*0.015,IF(AND(B30>300,B30<=1000),5,IF(AND(B30>1000),B30*0.005,1)))) -> 5 | C39: =C30-$B$30 -> -1 | D39: =D30-B30 -> -1.49 | E39: =IF(E30="","",E30-B30) | G39: =C39-D39 -> 0.49 | H39: =IF(E30="","",C39-E39)
B40: =IF(AND(B31>=15,B31<=70),1,IF(AND(B31>70,B31<=300),B31*0.015,IF(AND(B31>300,B31<=1000),5,IF(AND(B31>1000),B31*0.005,1)))) -> 5 | C40: =C31-$B$31 -> -1.16 | D40: =D31-B31 -> -1.65 | E40: =IF(E31="","",E31-B31) | G40: =C40-D40 -> 0.49 | H40: =IF(E31="","",C40-E40)
B41: =IF(AND(B32>=15,B32<=70),1,IF(AND(B32>70,B32<=300),B32*0.015,IF(AND(B32>300,B32<=1000),5,IF(AND(B32>1000),B32*0.005,1)))) -> 5 | C41: =C32-$B$32 -> -1.2 | D41: =D32-B32 -> -1.52 | E41: =IF(E32="","",E32-B32) | G41: =C41-D41 -> 0.32 | H41: =IF(E32="","",C41-E41)
B42: =IF(AND(B33>=15,B33<=70),1,IF(AND(B33>70,B33<=300),B33*0.015,IF(AND(B33>300,B33<=1000),5,IF(AND(B33>1000),B33*0.005,1)))) -> 5 | C42: =C33-$B$33 -> -0.93 | D42: =D33-B33 -> -1.1 | E42: =IF(E33="","",E33-B33) | G42: =C42-D42 -> 0.17 | H42: =IF(E33="","",C42-E42)
B43: =IF(AND(B34>=15,B34<=70),1,IF(AND(B34>70,B34<=300),B34*0.015,IF(AND(B34>300,B34<=1000),5,IF(AND(B34>1000),B34*0.005,1)))) -> 5 | C43: =C34-$B$34 -> -0.6 | D43: =D34-B34 -> -0.01 | E43: =IF(E34="","",E34-B34) | G43: =C43-D43 -> -0.59 | H43: =IF(E34="","",C43-E43)
B45: Validación de software
B46: Registro inicial
B47: X | C47: Corrección | D47: Corrección curva | E47: Valor VST | F47: Valor curva
B48: 0.54 | C48: -0.54 | D48: -0.54 | E48: 0 | F48: 0
B49: 142.54 | C49: -1.46 | D49: -1.46 | E49: 141.08 | F49: 141.08
B50: 285.87 | C50: -2.02 | D50: -2.02 | E50: 283.85 | F50: 283.85
B51: 428.71 | C51: -3.71 | D51: -3.71 | E51: 425 | F51: 425
B52: 572.04 | C52: -5.2 | D52: -5.2 | E52: 566.84 | F52: 566.84
B53: 714.54 | C53: -5.73 | D53: -5.73 | E53: 708.8 | F53: 708.8
B54: 857.04 | C54: -5.97 | D54: -5.97 | E54: 851.06 | F54: 851.07
B55: 1005.71 | C55: -6.31 | D55: -6.31 | E55: 999.4 | F55: 999.4
B56: Comprobación 1
B57: X | C57: Corrección VST | D57: Corrección curva | E57: Valor VST | F57: Valor curva
B58: 0.54 | C58: -0.54 | D58: -0.54 | E58: 0 | F58: 0
B59: 142.71 | C59: -1.46 | D59: -1.46 | E59: 141.25 | F59: 141.25
B60: 285.54 | C60: -2.02 | D60: -2.02 | E60: 283.52 | F60: 283.52
B61: 428.21 | C61: -3.7 | D61: -3.7 | E61: 424.51 | F61: 424.51
B62: 571.54 | C62: -5.19 | D62: -5.19 | E62: 566.35 | F62: 566.35
B63: 714.21 | C63: -5.73 | D63: -5.73 | E63: 708.48 | F63: 708.48
B64: 856.87 | C64: -5.97 | D64: -5.97 | E64: 850.9 | F64: 850.9
B65: 1005.37 | C65: -6.31 | D65: -6.31 | E65: 999.06 | F65: 999.06
B66: Comprobación 2
B67: X | C67: Corrección | D67: Corrección curva | E67: Valor VST | F67: Valor curva
B68: 0 | C68: 0 | D68: 0 | E68: 0 | F68: 0
B69: 0 | C69: 0 | D69: 0 | E69: 0 | F69: 0
B70: 0 | C70: 0 | D70: 0 | E70: 0 | F70: 0
B71: 0 | C71: 0 | D71: 0 | E71: 0 | F71: 0
B72: 0 | C72: 0 | D72: 0 | E72: 0 | F72: 0
B73: 0 | C73: 0 | D73: 0 | E73: 0 | F73: 0
B74: 0 | C74: 0 | D74: 0 | E74: 0 | F74: 0
B75: 0 | C75: 0 | D75: 0 | E75: 0 | F75: 0

Sheet VERIFICACIÓN APPLISENS
B2: INTRUMENTO | C2: MARCA | D2: MODELO | E2: SERIAL | F2: FECHA DE CALIBRACIÓN | G2: FECHA PROGRAMADA PARA REGISTRO INICIAL | H2: FECHA PROGRAMADA COMPROBACIÓN 1 | I2: FECHA PROGRAMADA COMPROBACIÓN 2
B3: PATRÓN | C3: CRYSTAL | D3: =IF($C$3='CONTROL CALIBRACIONES'!$C$14,'CONTROL CALIBRACIONES'!E14,IF($C$3='CONTROL CALIBRACIONES'!$C$15,'CONTROL CALIBRACIONES'!E15,'CONTROL CALIBRACIONES'!E16)) -> XP2i | E3: =IF($C$3='CONTROL CALIBRACIONES'!$C$14,'CONTROL CALIBRACIONES'!F14,IF($C$3='CONTROL CALIBRACIONES'!$C$15,'CONTROL CALIBRACIONES'!F15,'CONTROL CALIBRACIONES'!F16)) -> 357309 | F3: ='CONTROL CALIBRACIONES'!G14 -> 45681 | G3: =F4+5 -> 45902 | H3: =IF(TODAY()-$F$3<=340,$F$4+120,"ERROR, CALIBRE EL PATRÓN") -> 46017 | I3: =IF(TODAY()-$F$3<=340,$F$4+240,"ERROR, CALIBRE EL PATRÓN") -> 46137
B4: INDICE BAJO VERIFICACIÓN (IBV) | C4: APPLISENS | D4: PCE-28 | E4: 11121025 | F4: ='CONTROL CALIBRACIONES'!G43 -> 45897
B6: DATOS Y RESULTADOS DE LA CALIBRACIÓN
B8: VALOR PATRÓN (psi) | C8: VALOR IBV (psi) | D8: ERROR (PSI) | E8: INCERTIDUMBRE | F8: Error permitido (+- psi) | G8: COMENTARIOS | H8: TEMPERATURA (°C) | I8: 20.9 | K8: Superior | L8: Inferior
A9: 1 | B9: 0 | C9: 0 | D9: =B9-C9 -> 0 | E9: 0.0083 | F9: 0.1 | G9: =IF(AND(ABS(D9)<F9,ABS(D10)<F10,ABS(D11)<F11,ABS(D12)<F12,ABS(D13)<F13,ABS(D14)<F14,ABS(D15)<F15,ABS(D16)<F16,ABS(D17)<F17,ABS(D18)<F18,ABS(D19)<F19,ABS(D20)<F20),"EQUIPO CUMPLE ESPECIFICACIÓN","EQUIPO NO CUMPLE ESPECIFICACIÓN") -> EQUIPO CUMPLE ESPECIFICACIÓN | H9: PRESIÓN ATMOSFERICA (hPa) | I9: 747.8 | K9: =F9 -> 0.1 | L9: =-F9 -> -0.1
A10: 2 | B10: 200 | C10: 199.5 | D10: =B10-C10 -> 0.5 | E10: 0.5 | F10: =IF(AND(B10>=15,B10<=70),2,IF(AND(B10>70,B10<=300),B10*0.03,IF(AND(B10>300,B10<=1000),12,IF(AND(B10>1000),B10*0.01,"Revisar")))) -> 6 | H10: HUMEDAD RELATIVA (%) | I10: 0.689 | K10: =F10 -> 6 | L10: =-F10 -> -6
A11: 3 | B11: 500 | C11: 498.2 | D11: =B11-C11 -> 1.8 | E11: 1.4 | F11: =IF(AND(B11>=15,B11<=70),2,IF(AND(B11>70,B11<=300),B11*0.03,IF(AND(B11>300,B11<=1000),12,IF(AND(B11>1000),B11*0.01,"Revisar")))) -> 12 | H11: ENTE CERTIFICADOR | I11: Flexilatina | K11: =F11 -> 12 | L11: =-F11 -> -12
A12: 4 | B12: 1000 | C12: 997.11 | D12: =B12-C12 -> 2.89 | E12: 0.68 | F12: =IF(AND(B12>=15,B12<=70),2,IF(AND(B12>70,B12<=300),B12*0.03,IF(AND(B12>300,B12<=1000),12,IF(AND(B12>1000),B12*0.01,"Revisar")))) -> 12 | H12: FECHA DE CALIBRACIÓN | I12: =F4 -> 45897 | K12: =F12 -> 12 | L12: =-F12 -> -12
A13: 5 | B13: 1500 | C13: 1496.97 | D13: =B13-C13 -> 3.03 | E13: 0.85 | F13: =IF(AND(B13>=15,B13<=70),2,IF(AND(B13>70,B13<=300),B13*0.03,IF(AND(B13>300,B13<=1000),12,IF(AND(B13>1000),B13*0.01,"Revisar")))) -> 15 | H13: Después de que el equipo llega, se confirma que calibrando con un tiempo calendario de 1 año, el equipo sigue cumpliendo con las especificaiones requeridas, por lo cual se mantiene el periodo de un año según lo establecido en la OIML 10 método 1 | K13: =F13 -> 15 | L13: =-F13 -> -15
A14: 6 | B14: 2000 | C14: 1997.38 | D14: =B14-C14 -> 2.62 | E14: 0.32 | F14: =IF(AND(B14>=15,B14<=70),2,IF(AND(B14>70,B14<=300),B14*0.03,IF(AND(B14>300,B14<=1000),12,IF(AND(B14>1000),B14*0.01,"Revisar")))) -> 20 | K14: =F14 -> 20 | L14: =-F14 -> -20
A15: 7 | B15: 2500 | C15: 2494.23 | D15: =B15-C15 -> 5.77 | E15: 0.7 | F15: =IF(AND(B15>=15,B15<=70),2,IF(AND(B15>70,B15<=300),B15*0.03,IF(AND(B15>300,B15<=1000),12,IF(AND(B15>1000),B15*0.01,"Revisar")))) -> 25 | K15: =F15 -> 25 | L15: =-F15 -> -25
A16: 8 | B16: 3000 | C16: 2995.26 | D16: =B16-C16 -> 4.74 | E16: 0.59 | F16: =IF(AND(B16>=15,B16<=70),2,IF(AND(B16>70,B16<=300),B16*0.03,IF(AND(B16>300,B16<=1000),12,IF(AND(B16>1000),B16*0.01,"Revisar")))) -> 30 | K16: =F16 -> 30 | L16: =-F16 -> -30
A17: 9 | B17: 3500 | C17: 3495.36 | D17: =B17-C17 -> 4.64 | E17: 0.54 | F17: =IF(AND(B17>=15,B17<=70),2,IF(AND(B17>70,B17<=300),B17*0.03,IF(AND(B17>300,B17<=1000),12,IF(AND(B17>1000),B17*0.01,"Revisar")))) -> 35 | K17: =F17 -> 35 | L17: =-F17 -> -35
A18: 10 | B18: 4000 | C18: 3995.65 | D18: =B18-C18 -> 4.35 | E18: 0.34 | F18: =IF(AND(B18>=15,B18<=70),2,IF(AND(B18>70,B18<=300),B18*0.03,IF(AND(B18>300,B18<=1000),12,IF(AND(B18>1000),B18*0.01,"Revisar")))) -> 40 | K18: =F18 -> 40 | L18: =-F18 -> -40
A19: 11 | B19: 4500 | C19: 4492.43 | D19: =B19-C19 -> 7.57 | E19: 0.91 | F19: =IF(AND(B19>=15,B19<=70),2,IF(AND(B19>70,B19<=300),B19*0.03,IF(AND(B19>300,B19<=1000),12,IF(AND(B19>1000),B19*0.01,"Revisar")))) -> 45 | K19: =F19 -> 45 | L19: =-F19 -> -45
A20: 12 | B20: 5000 | C20: 4990.35 | D20: =B20-C20 -> 9.65 | E20: 0.57 | F20: =IF(AND(B20>=15,B20<=70),2,IF(AND(B20>70,B20<=300),B20*0.03,IF(AND(B20>300,B20<=1000),12,IF(AND(B20>1000),B20*0.01,"Revisar")))) -> 50 | K20: =F20 -> 50 | L20: =-F20 -> -50
B22: DATOS Y RESULTADOS DE LAS COMPROBACIONES
B23: Fecha | C23: 45905 | D23: 45924
B24: Responsable | C24: Wilder Alberto Suarez | D24: Andrés Felipe Ovalle
B25: VALOR PATRÓN (psi) | C25: VALOR REGISTRO INICIAL (psi) | D25: VALOR COMPROBACIÓN 1 (psi) | E25: VALOR COMPROBACIÓN 2 (psi) | G25: COMENTARIO COMPROBACIÓN 1 | H25: COMENTARIO COMPROBACIÓN 2 | J25: Superior | K25: Inferior
B26: 0 | C26: 0.02 | D26: -0.82 | G26: =IF(AND(ABS(G35)<$B$35,ABS(G36)<$B$36,ABS(G37)<$B$37,ABS(G38)<$B$38,ABS(G39)<$B$39,ABS(G40)<$B$40,ABS(G41)<$B$41,ABS(G42)<$B$42),"EQUIPO SE ENCUENTRA COMPROBADO","EQUIPO TIENE ALGUNA AFECTACIÓN, ENVIAR A REVISIÓN") -> EQUIPO SE ENCUENTRA COMPROBADO | H26: =IF(AND(ABS(H35)<$B$35,ABS(H36)<$B$36,ABS(H37)<$B$37,ABS(H38)<$B$38,ABS(H39)<$B$39,ABS(H40)<$B$40,ABS(H41)<$B$41,ABS(H42)<$B$42),"EQUIPO SE ENCUENTRA COMPROBADO","EQUIPO TIENE ALGUNA AFECTACIÓN, ENVIAR A REVISIÓN") -> #VALUE! | J26: =B35 -> 1 | K26: =-B35 -> -1
B27: 428 | C27: 427.98 | D27: 427.98 | J27: =B36 -> 6 | K27: =-B36 -> -6
B28: 856 | C28: 854.99 | D28: 854.99 | J28: =B37 -> 6 | K28: =-B37 -> -6
B29: 1284 | C29: 1282.07 | D29: 1282.07 | J29: =B38 -> 6.42 | K29: =-B38 -> -6.42
B30: 1712 | C30: 1714.58 | D30: 1713.75 | J30: =B39 -> 8.56 | K30: =-B39 -> -8.56
B31: 2140 | C31: 2141.3 | D31: 2142.13 | J31: =B40 -> 10.7 | K31: =-B40 -> -10.7
B32: 2568 | C32: 2568.46 | D32: 2568.46 | J32: =B41 -> 12.84 | K32: =-B41 -> -12.84
B33: 3000 | C33: 3000.11 | D33: 3000.11 | J33: =B42 -> 15 | K33: =-B42 -> -15
B34: Error Máximo permitido (psi) | C34: ERROR 0 | D34: ERROR 1 | E34: ERROR 2 | G34: DIFERENCIA ERROR 0-1 | H34: DIFERENCIA ERROR 0-2
B35: =IF(AND(B26>=15,B26<=70),1,IF(AND(B26>70,B26<=300),B26*0.015,IF(AND(B26>300,B26<=1000),6,IF(AND(B26>1000),B26*0.005,1)))) -> 1 | C35: =C26-$B$26 -> 0.02 | D35: =D26-B26 -> -0.82 | E35: =IF(E26="","",E26-B26) | G35: =C35-D35 -> 0.84 | H35: =IF(E26="","",C35-E35)
B36: =IF(AND(B27>=15,B27<=70),1,IF(AND(B27>70,B27<=300),B27*0.015,IF(AND(B27>300,B27<=1000),6,IF(AND(B27>1000),B27*0.005,1)))) -> 6 | C36: =C27-$B$27 -> -0.02 | D36: =D27-B27 -> -0.02 | E36: =IF(E27="","",E27-B27) | G36: =C36-D36 -> 0 | H36: =IF(E27="","",C36-E36)
B37: =IF(AND(B28>=15,B28<=70),1,IF(AND(B28>70,B28<=300),B28*0.015,IF(AND(B28>300,B28<=1000),6,IF(AND(B28>1000),B28*0.005,1)))) -> 6 | C37: =C28-$B$28 -> -1.01 | D37: =D28-B28 -> -1.01 | E37: =IF(E28="","",E28-B28) | G37: =C37-D37 -> 0 | H37: =IF(E28="","",C37-E37)
B38: =IF(AND(B29>=15,B29<=70),1,IF(AND(B29>70,B29<=300),B29*0.015,IF(AND(B29>300,B29<=1000),6,IF(AND(B29>1000),B29*0.005,1)))) -> 6.42 | C38: =C29-$B$29 -> -1.93 | D38: =D29-B29 -> -1.93 | E38: =IF(E29="","",E29-B29) | G38: =C38-D38 -> 0 | H38: =IF(E29="","",C38-E38)
B39: =IF(AND(B30>=15,B30<=70),1,IF(AND(B30>70,B30<=300),B30*0.015,IF(AND(B30>300,B30<=1000),6,IF(AND(B30>1000),B30*0.005,1)))) -> 8.56 | C39: =C30-$B$30 -> 2.58 | D39: =D30-B30 -> 1.75 | E39: =IF(E30="","",E30-B30) | G39: =C39-D39 -> 0.83 | H39: =IF(E30="","",C39-E39)
B40: =IF(AND(B31>=15,B31<=70),1,IF(AND(B31>70,B31<=300),B31*0.015,IF(AND(B31>300,B31<=1000),6,IF(AND(B31>1000),B31*0.005,1)))) -> 10.7 | C40: =C31-$B$31 -> 1.3 | D40: =D31-B31 -> 2.13 | E40: =IF(E31="","",E31-B31) | G40: =C40-D40 -> -0.83 | H40: =IF(E31="","",C40-E40)
B41: =IF(AND(B32>=15,B32<=70),1,IF(AND(B32>70,B32<=300),B32*0.015,IF(AND(B32>300,B32<=1000),6,IF(AND(B32>1000),B32*0.005,1)))) -> 12.84 | C41: =C32-$B$32 -> 0.46 | D41: =D32-B32 -> 0.46 | E41: =IF(E32="","",E32-B32) | G41: =C41-D41 -> 0 | H41: =IF(E32="","",C41-E41)
B42: =IF(AND(B33>=15,B33<=70),1,IF(AND(B33>70,B33<=300),B33*0.015,IF(AND(B33>300,B33<=1000),6,IF(AND(B33>1000),B33*0.005,1)))) -> 15 | C42: =C33-$B$33 -> 0.11 | D42: =D33-B33 -> 0.11 | E42: =IF(E33="","",E33-B33) | G42: =C42-D42 -> 0 | H42: =IF(E33="","",C42-E42)
B44: Validación de software
B45: Registro inicial
B46: X | C46: Corrección VST | D46: Corrección curva | E46: Valor VST | F46: Valor curva
B47: 0.37 | C47: -0.35 | D47: -0.35 | E47: 0.02 | F47: 0.02
B48: 426.21 | C48: 1.78 | D48: 1.78 | E48: 427.98 | F48: 427.98
B49: 852.87 | C49: 2.12 | D49: 2.12 | E49: 854.99 | F49: 854.99
B50: 1279.54 | C50: 2.53 | D50: 2.53 | E50: 1282.07 | F50: 1282.07
B51: 1711.2 | C51: 3.38 | D51: 3.38 | E51: 1714.58 | F51: 1714.58
B52: 2137.04 | C52: 4.26 | D52: 4.26 | E52: 2141.3 | F52: 2141.3
B53: 2563.7 | C53: 4.76 | D53: 4.76 | E53: 2568.46 | F53: 2568.46
B54: 2995.37 | C54: 4.74 | D54: 4.74 | E54: 3000.11 | F54: 3000.11
B55: Comprobación 1
B56: X | C56: Corrección VST | D56: Corrección curva | E56: Valor VST | F56: Valor curva
B57: -0.46 | C57: -0.36 | D57: -0.36 | E57: -0.82 | F57: -0.82
B58: 426.2 | C58: 1.78 | D58: 1.78 | E58: 427.98 | F58: 427.98
B59: 852.87 | C59: 2.12 | D59: 2.12 | E59: 854.99 | F59: 854.99
B60: 1279.54 | C60: 2.53 | D60: 2.53 | E60: 1282.07 | F60: 1282.07
B61: 1710.37 | C61: 3.38 | D61: 3.38 | E61: 1713.75 | F61: 1713.75
B62: 2137.87 | C62: 4.26 | D62: 4.26 | E62: 2142.13 | F62: 2142.13
B63: 2563.7 | C63: 4.76 | D63: 4.76 | E63: 2568.46 | F63: 2568.46
B64: 2995.37 | C64: 4.74 | D64: 4.74 | E64: 3000.11 | F64: 3000.11
B65: Comprobación 2
B66: X | C66: Corrección | D66: Corrección curva | E66: Valor VST | F66: Valor curva
B67: 0 | C67: 0 | D67: 0 | E67: 0 | F67: 0
B68: 0 | C68: 0 | D68: 0 | E68: 0 | F68: 0
B69: 0 | C69: 0 | D69: 0 | E69: 0 | F69: 0
B70: 0 | C70: 0 | D70: 0 | E70: 0 | F70: 0
B71: 0 | C71: 0 | D71: 0 | E71: 0 | F71: 0
B72: 0 | C72: 0 | D72: 0 | E72: 0 | F72: 0
B73: 0 | C73: 0 | D73: 0 | E73: 0 | F73: 0
B74: 0 | C74: 0 | D74: 0 | E74: 0 | F74: 0

Sheet VERIFICACIÓN VST 2
B2: INTRUMENTO | C2: MARCA | D2: MODELO | E2: SERIAL | F2: FECHA DE CALIBRACIÓN | G2: FECHA PROGRAMADA PARA REGISTRO INICIAL | H2: FECHA PROGRAMADA DE COMPROBACIÓN 1
B3: PATRÓN | C3: BÁSCULA | D3: OCS-XZ-ST Accuracy | E3: RL1906915 | F3: N/A | G3: =F4 -> 45786 | H3: =G3+180 -> 45966
B4: INDICE BAJO VERIFICACIÓN (IBV) | C4: TRUMAX // VALSER | D4: SC-2,5Klb // VST3000 | E4: 17080195 // V00220 | F4: 45786
B6: DATOS Y RESULTADOS DE LA COMPROBACIÓN (2500 lb-f)
B7: Fecha | D7: 45911
B8: Responsable | D8: Andrés Felipe Ovalle
B9: VALOR PATRÓN (kg-f) | C9: VALOR PATRÓN (lb-f) | D9: VALOR INDICADOR VST (lb-f) REGISTRO INICIAL | E9: VALOR INDICADOR VST (lb-f) COMPROBACIÓN 1 | F9: ERROR (lb-f) | G9: Error permitido (lb-f) | H9: COMENTARIOS | I9: TEMPERATURA (°C) | J9: 0 | L9: Superior | M9: Inferior
A10: 1 | B10: 0 | C10: =B10*2.205 -> 0 | D10: -5.62 | F10: =IF(E10="","",D10-E10) | G10: 20 | H10: =IF(AND(,F10>G10,F11>G11,F12>G12,F13>G13,F14>G14,F15>G15,F16>G16,F17>G17),"EQUIPO NO CUMPLE ESPECIFICACIÓN","EQUIPO CUMPLE ESPECIFICACIÓN") -> EQUIPO CUMPLE ESPECIFICACIÓN | I10: PRESIÓN ATMOSFERICA (hPa) | J10: 0 | L10: =G10 -> 20 | M10: =-G10 -> -20
A11: 2 | B11: 162 | C11: =B11*2.205 -> 357.21 | D11: 356.09 | F11: =IF(E11="","",D11-E11) | G11: 20 | I11: HUMEDAD RELATIVA (%) | J11: 0 | L11: =G11 -> 20 | M11: =-G11 -> -20
A12: 3 | B12: 324 | C12: =B12*2.205 -> 714.42 | D12: 711.91 | F12: =IF(E12="","",D12-E12) | G12: 20 | I12: ENTE CERTIFICADOR | J12: Servintegral | L12: =G12 -> 20 | M12: =-G12 -> -20
A13: 4 | B13: 486 | C13: =B13*2.205 -> 1071.63 | D13: 1066.98 | F13: =IF(E13="","",D13-E13) | G13: 20 | I13: FECHA DE CALIBRACIÓN | J13: 45839 | L13: =G13 -> 20 | M13: =-G13 -> -20
A14: 5 | B14: 648 | C14: =B14*2.205 -> 1428.84 | D14: 1424.39 | F14: =IF(E14="","",D14-E14) | G14: 20 | I14: Después de que el equipo llega, se confirma que calibrando con un tiempo calendario de 1 año, el equipo sigue cumpliendo con las especificaiones requeridas, por lo cual se mantiene el periodo de un año según lo establecido en la OIML 10 método 1 | L14: =G14 -> 20 | M14: =-G14 -> -20
A15: 6 | B15: 810 | C15: =B15*2.205 -> 1786.05 | D15: 1781.02 | F15: =IF(E15="","",D15-E15) | G15: 20 | L15: =G15 -> 20 | M15: =-G15 -> -20
A16: 7 | B16: 972 | C16: =B16*2.205 -> 2143.26 | D16: 2133.66 | F16: =IF(E16="","",D16-E16) | G16: 20 | L16: =G16 -> 20 | M16: =-G16 -> -20
A17: 8 | B17: 1134 | C17: =B17*2.205 -> 2500.47 | D17: 2503.46 | F17: =IF(E17="","",D17-E17) | G17: 20 | L17: =G17 -> 20 | M17: =-G17 -> -20
B19: Validación de software
B20: Registro inicial
B21: X | C21: Corrección | D21: Corrección curva | E21: Valor VST | F21: Valor curva
B22: 0 | C22: -5.62 | D22: -5.62 | E22: -5.62 | F22: -5.62
B23: 357.92 | C23: -1.83 | D23: -1.83 | E23: 356.09 | F23: 356.09
B24: 715.42 | C24: -3.51 | D24: -3.51 | E24: 711.91 | F24: 711.91
B25: 1072.08 | C25: -5.11 | D25: -5.11 | E25: 1066.98 | F25: 1066.97
B26: 1430 | C26: -5.61 | D26: -5.61 | E26: 1424.39 | F26: 1424.39
B27: 1788.75 | C27: -7.73 | D27: -7.73 | E27: 1781.02 | F27: 1781.02
B28: 2145.42 | C28: -11.76 | D28: 2133.66 | E28: 2133.66 | F28: 2133.66
B29: 2507.5 | C29: -4.04 | D29: -4.04 | E29: 2503.46 | F29: 2503.46
B30: Comprobación 1
B31: X | C31: Corrección | D31: Corrección curva | E31: Valor VST | F31: Valor curva
B32: 0 | C32: 0 | D32: 0 | E32: 0 | F32: 0
B33: 0 | C33: 0 | D33: 0 | E33: 0 | F33: 0
B34: 0 | C34: 0 | D34: 0 | E34: 0 | F34: 0
B35: 0 | C35: 0 | D35: 0 | E35: 0 | F35: 0
B36: 0 | C36: 0 | D36: 0 | E36: 0 | F36: 0
B37: 0 | C37: 0 | D37: 0 | E37: 0 | F37: 0
B38: 0 | C38: 0 | D38: 0 | E38: 0 | F38: 0
B39: 0 | C39: 0 | D39: 0 | E39: 0 | F39: 0
B41: INTRUMENTO | C41: MARCA | D41: MODELO | E41: SERIAL | F41: FECHA DE CALIBRACIÓN | G41: FECHA PROGRAMADA PARA REGISTRO INICIAL | H41: FECHA PROGRAMADA DE COMPROBACIÓN 1
B42: PATRÓN | C42: BÁSCULA | D42: OCS-XZ-ST Accuracy | E42: RL1906915 | F42: N/A | G42: =F43 -> 45824 | H42: =G42+180 -> 46004
B43: INDICE BAJO VERIFICACIÓN (IBV) | C43: TEK // VALSER | D43: 516 2 t // VST3000 | E43: 17080195 // V00220 | F43: 45824
B45: DATOS Y RESULTADOS DE LA COMPROBACIÓN (4400 lb-f)
B46: Fecha | D46: 45911
B47: Responsable | D47: Andrés Felipe Ovalle
B48: VALOR PATRÓN (kg-f) | C48: VALOR PATRÓN (lb-f) | D48: VALOR INDICADOR VST (lb-f) REGISTRO INICIAL | E48: VALOR INDICADOR VST (lb-f) COMPROBACIÓN 1 | F48: ERROR (lb-f) | G48: Error permitido (lb-f) | H48: COMENTARIOS | I48: TEMPERATURA (°C) | J48: 0 | L48: Superior | M48: Inferior
B49: 0 | C49: =B49*2.205 -> 0 | D49: 55.52 | F49: =IF(E49="","",D49-E49) | G49: 20 | H49: =IF(AND(,F49>G49,F50>G50,F51>G51,F52>G52,F53>G53,F54>G54,F55>G55,F56>G56),"EQUIPO NO CUMPLE ESPECIFICACIÓN","EQUIPO CUMPLE ESPECIFICACIÓN") -> EQUIPO CUMPLE ESPECIFICACIÓN | I49: PRESIÓN ATMOSFERICA (hPa) | J49: 0 | L49: =G49 -> 20 | M49: =-G49 -> -20
B50: 286 | C50: =B50*2.205 -> 630.63 | D50: 637.04 | F50: =IF(E50="","",D50-E50) | G50: 20 | I50: HUMEDAD RELATIVA (%) | J50: 0 | L50: =G50 -> 20 | M50: =-G50 -> -20
B51: 572 | C51: =B51*2.205 -> 1261.26 | D51: 1271.78 | F51: =IF(E51="","",D51-E51) | G51: 20 | I51: ENTE CERTIFICADOR | J51: Servintegral | L51: =G51 -> 20 | M51: =-G51 -> -20
B52: 858 | C52: =B52*2.205 -> 1891.89 | D52: 1899.81 | F52: =IF(E52="","",D52-E52) | G52: 20 | I52: FECHA DE CALIBRACIÓN | J52: 45839 | L52: =G52 -> 20 | M52: =-G52 -> -20
B53: 1144 | C53: =B53*2.205 -> 2522.52 | D53: 2526.99 | F53: =IF(E53="","",D53-E53) | G53: 20 | I53: Después de que el equipo llega, se confirma que calibrando con un tiempo calendario de 1 año, el equipo sigue cumpliendo con las especificaiones requeridas, por lo cual se mantiene el periodo de un año según lo establecido en la OIML 10 método 1 | L53: =G53 -> 20 | M53: =-G53 -> -20
B54: 1430 | C54: =B54*2.205 -> 3153.15 | D54: 3153.23 | F54: =IF(E54="","",D54-E54) | G54: 20 | L54: =G54 -> 20 | M54: =-G54 -> -20
B55: 1716 | C55: =B55*2.205 -> 3783.78 | D55: 3792.67 | F55: =IF(E55="","",D55-E55) | G55: 20 | L55: =G55 -> 20 | M55: =-G55 -> -20
B56: 1996 | C56: =B56*2.205 -> 4401.18 | D56: 4412.85 | F56: =IF(E56="","",D56-E56) | G56: 20 | L56: =G56 -> 20 | M56: =-G56 -> -20
B58: Validación de software
B59: Registro inicial
B60: X | C60: Corrección | D60: Corrección curva | E60: Valor VST | F60: Valor curva
B61: 8.08 | C61: 47.44 | D61: 47.44 | E61: 55.52 | F61: 55.52
B62: 642.24 | C62: -5.21 | D62: -5.21 | E62: 637.04 | F62: 637.03
B63: 1275.67 | C63: -3.89 | D63: -3.89 | E63: 1271.78 | F63: 1271.78
B64: 1912.04 | C64: -12.23 | D64: -12.23 | E64: 1899.81 | F64: 1899.81
B65: 2546.2 | C65: -19.2 | D65: -19.2 | E65: 2526.99 | F65: 2527
B66: 3167.13 | C66: -13.91 | D66: -13.9 | E66: 3153.23 | F66: 3153.23
B67: 3799.82 | C67: -7.15 | D67: -7.15 | E67: 3792.67 | F67: 3792.67
B68: 4417.82 | C68: -4.97 | D68: -4.97 | E68: 4412.85 | F68: 4412.85
B70: Comprobación 1
B71: X | C71: Corrección | D71: Corrección curva | E71: Valor VST | F71: Valor curva
B72: 0 | C72: 0 | D72: 0 | E72: 0 | F72: 0
B73: 0 | C73: 0 | D73: 0 | E73: 0 | F73: 0
B74: 0 | C74: 0 | D74: 0 | E74: 0 | F74: 0
B75: 0 | C75: 0 | D75: 0 | E75: 0 | F75: 0
B76: 0 | C76: 0 | D76: 0 | E76: 0 | F76: 0
B77: 0 | C77: 0 | D77: 0 | E77: 0 | F77: 0
B78: 0 | C78: 0 | D78: 0 | E78: 0 | F78: 0
B79: 0 | C79: 0 | D79: 0 | E79: 0 | F79: 0
B81: INTRUMENTO | C81: MARCA | D81: MODELO | E81: SERIAL | F81: FECHA DE CALIBRACIÓN | G81: FECHA PROGRAMADA PARA REGISTRO INICIAL | H81: FECHA PROGRAMADA DE COMPROBACIÓN 1
B82: PATRÓN | C82: BÁSCULA | D82: OCS-XZ-ST Accuracy | E82: RL1906915 | F82: N/A | G82: =F83 -> 45611 | H82: =G82+180 -> 45791
B83: INDICE BAJO VERIFICACIÓN (IBV) | C83: TRUMAX | D83: SG-5T | E83: 2309210270 | F83: 45611
B85: DATOS Y RESULTADOS DE LA COMPROBACIÓN (9940 lb-f)
B86: Fecha | D86: 45929
B87: Responsable | D87: Andrés Felipe Ovalle
B88: VALOR PATRÓN (kg-f) | C88: VALOR PATRÓN (lb-f) | D88: VALOR INDICADOR VST (lb-f) REGISTRO INICIAL | E88: VALOR INDICADOR VST (lb-f) COMPROBACIÓN 1 | F88: ERROR (lb-f) | G88: Error permitido (lb-f) | H88: COMENTARIOS | I88: TEMPERATURA (°C) | J88: 0 | L88: Superior | M88: Inferior
B89: 0 | C89: =B89*2.205 -> 0 | D89: 414.78 | F89: =IF(E89="","",D89-E89) | G89: 40 | H89: =IF(AND(,F89>G89,F90>G90,F91>G91,F92>G92,F93>G93,F94>G94,F95>G95,F96>G96),"EQUIPO NO CUMPLE ESPECIFICACIÓN","EQUIPO CUMPLE ESPECIFICACIÓN") -> EQUIPO CUMPLE ESPECIFICACIÓN | I89: PRESIÓN ATMOSFERICA (hPa) | J89: 0 | L89: =G89 -> 40 | M89: =-G89 -> -40
B90: 644 | C90: =B90*2.205 -> 1420.02 | D90: 1447.03 | F90: =IF(E90="","",D90-E90) | G90: 40 | I90: HUMEDAD RELATIVA (%) | J90: 0 | L90: =G90 -> 40 | M90: =-G90 -> -40
B91: 1288 | C91: =B91*2.205 -> 2840.04 | D91: 2811.71 | F91: =IF(E91="","",D91-E91) | G91: 40 | I91: ENTE CERTIFICADOR | J91: Servintegral | L91: =G91 -> 40 | M91: =-G91 -> -40
B92: 1932 | C92: =B92*2.205 -> 4260.06 | D92: 4233.91 | F92: =IF(E92="","",D92-E92) | G92: 40 | I92: FECHA DE CALIBRACIÓN | J92: 45839 | L92: =G92 -> 40 | M92: =-G92 -> -40
B93: 2576 | C93: =B93*2.205 -> 5680.08 | D93: 5645.14 | F93: =IF(E93="","",D93-E93) | G93: 40 | I93: Después de que el equipo llega, se confirma que calibrando con un tiempo calendario de 1 año, el equipo sigue cumpliendo con las especificaiones requeridas, por lo cual se mantiene el periodo de un año según lo establecido en la OIML 10 método 1 | L93: =G93 -> 40 | M93: =-G93 -> -40
B94: 3220 | C94: =B94*2.205 -> 7100.1 | D94: 7048.44 | F94: =IF(E94="","",D94-E94) | G94: 40 | L94: =G94 -> 40 | M94: =-G94 -> -40
B95: 36904 | C95: =B95*2.205 -> 81373.32 | D95: 8466.2 | F95: =IF(E95="","",D95-E95) | G95: 40 | L95: =G95 -> 40 | M95: =-G95 -> -40
B96: 4470 | C96: =B96*2.205 -> 9856.35 | D96: 9811.38 | F96: =IF(E96="","",D96-E96) | G96: 40 | L96: =G96 -> 40 | M96: =-G96 -> -40
B98: Validación de software
B99: Registro inicial
B100: X | C100: Corrección | D100: Corrección curva | E100: Valor VST | F100: Valor curva
B101: -3.31 | C101: 418.09 | D101: 418.09 | E101: 414.78 | F101: 414.78
B102: 1415.37 | C102: 31.66 | D102: 31.66 | E102: 1447.03 | F102: 1447.03
B103: 2835.7 | C103: -23.98 | D103: -23.98 | E103: 2811.71 | F103: 2811.71
B104: 4257.68 | C104: -23.77 | D104: -23.77 | E104: 4233.91 | F104: 4233.91
B105: 5679.66 | C105: -34.51 | D105: -34.51 | E105: 5645.14 | F105: 5645.15
B106: 7093.37 | C106: -44.93 | D106: -44.93 | E106: 7048.44 | F106: 7048.44
B107: 8517.01 | C107: -50.81 | D107: -50.81 | E107: 8466.2 | F107: 8466.2
B108: 9902.61 | C108: -91.23 | D108: -91.23 | E108: 9811.38 | F108: 9811.38
B110: Comprobación 1
B111: X | C111: Corrección | D111: Corrección curva | E111: Valor VST | F111: Valor curva
...

Sheet VERIFICACIÓN VST 3
B2: INTRUMENTO | C2: MARCA | D2: MODELO | E2: SERIAL | F2: FECHA DE CALIBRACIÓN | G2: FECHA PROGRAMADA PARA REGISTRO INICIAL | H2: FECHA PROGRAMADA DE COMPROBACIÓN 1
B3: PATRÓN | C3: BÁSCULA TRUMAX | D3: XENIT | E3: YS172343 | F3: N/A | G3: =F4 -> 45860 | H3: =G3+180 -> 46040
B4: INDICE BAJO VERIFICACIÓN (IBV) | C4: TRUMAX | D4: SA-1Klb // VST3000 | E4: J181015117 | F4: 45860
B6: DATOS Y RESULTADOS DE LA VERIFICACIÓN (950 lb-f)
B7: Fecha | D7: 45904
B8: Responsable | D8: Andrés Felipe Ovalle
B9: VALOR PATRÓN (kg-f) | C9: VALOR PATRÓN (lb-f) | D9: VALOR INDICADOR VST (lb-f) REGISTRO INICIAL | E9: VALOR INDICADOR VST (lb-f) COMPROBACIÓN 1 | F9: ERROR (lb-f) | G9: Error permitido (lb-f) | H9: COMENTARIOS | I9: TEMPERATURA (°C) | J9: 0 | L9: Superior | M9: Inferior
A10: 1 | B10: 0 | C10: =B10*2.205 -> 0 | D10: -1.13 | F10: =IF(E10="","",D10-E10) | G10: 10 | H10: =IF(AND(,F10>G10,F11>G11,F12>G12,F13>G13,F14>G14,F15>G15,F16>G16,F17>G17),"EQUIPO NO CUMPLE ESPECIFICACIÓN","EQUIPO CUMPLE ESPECIFICACIÓN") -> EQUIPO CUMPLE ESPECIFICACIÓN | I10: PRESIÓN ATMOSFERICA (hPa) | J10: 0 | L10: =G10 -> 10 | M10: =-G10 -> -10
A11: 2 | B11: 60 | C11: =B11*2.205 -> 132.3 | D11: 132.44 | F11: =IF(E11="","",D11-E11) | G11: 10 | I11: HUMEDAD RELATIVA (%) | J11: 0 | L11: =G11 -> 10 | M11: =-G11 -> -10
A12: 3 | B12: 120 | C12: =B12*2.205 -> 264.6 | D12: 264.22 | F12: =IF(E12="","",D12-E12) | G12: 10 | I12: ENTE CERTIFICADOR | J12: Servintegral | L12: =G12 -> 10 | M12: =-G12 -> -10
A13: 4 | B13: 180 | C13: =B13*2.205 -> 396.9 | D13: 394.83 | F13: =IF(E13="","",D13-E13) | G13: 10 | I13: FECHA DE CALIBRACIÓN | J13: 45839 | L13: =G13 -> 10 | M13: =-G13 -> -10
A14: 5 | B14: 240 | C14: =B14*2.205 -> 529.2 | D14: 527.49 | F14: =IF(E14="","",D14-E14) | G14: 10 | I14: Después de que el equipo llega, se confirma que calibrando con un tiempo calendario de 1 año, el equipo sigue cumpliendo con las especificaiones requeridas, por lo cual se mantiene el periodo de un año según lo establecido en la OIML 10 método 1 | L14: =G14 -> 10 | M14: =-G14 -> -10
A15: 6 | B15: 300 | C15: =B15*2.205 -> 661.5 | D15: 658.57 | F15: =IF(E15="","",D15-E15) | G15: 10 | L15: =G15 -> 10 | M15: =-G15 -> -10
A16: 7 | B16: 360 | C16: =B16*2.205 -> 793.8 | D16: 787 | F16: =IF(E16="","",D16-E16) | G16: 10 | L16: =G16 -> 10 | M16: =-G16 -> -10
A17: 8 | B17: 427 | C17: =B17*2.205 -> 941.535 | D17: 933.87 | F17: =IF(E17="","",D17-E17) | G17: 10 | L17: =G17 -> 10 | M17: =-G17 -> -10
B19: Validación de software
B20: Registro inicial
B21: X | C21: Corrección | D21: Corrección curva | E21: Valor VST | F21: Valor curva
B22: 0 | C22: -1.13 | D22: -1.13 | E22: -1.13 | F22: -1.13
B23: 133.95 | C23: -1.51 | D23: -1.51 | E23: 132.44 | F23: 132.44
B24: 268.06 | C24: -3.84 | D24: -3.84 | E24: 264.22 | F24: 264.22
B25: 400.11 | C25: -5.28 | D25: -5.28 | E25: 394.83 | F25: 394.83
B26: 533.58 | C26: -6.1 | D26: -6.1 | E26: 527.49 | F26: 527.49
B27: 666.74 | C27: -8.17 | D27: -8.17 | E27: 658.57 | F27: 658.57
B28: 799.27 | C28: -12.27 | D28: -12.27 | E28: 787 | F28: 787
B29: 947.14 | C29: -13.28 | D29: -13.28 | E29: 933.87 | F29: 933.87
B31: Comprobación 1
B32: X | C32: Corrección | D32: Corrección curva | E32: Valor VST | F32: Valor curva
B33: 0 | C33: 0 | D33: 0 | E33: 0 | F33: 0
B34: 0 | C34: 0 | D34: 0 | E34: 0 | F34: 0
B35: 0 | C35: 0 | D35: 0 | E35: 0 | F35: 0
B36: 0 | C36: 0 | D36: 0 | E36: 0 | F36: 0
B37: 0 | C37: 0 | D37: 0 | E37: 0 | F37: 0
B38: 0 | C38: 0 | D38: 0 | E38: 0 | F38: 0
B39: 0 | C39: 0 | D39: 0 | E39: 0 | F39: 0
B40: 0 | C40: 0 | D40: 0 | E40: 0 | F40: 0
B42: INTRUMENTO | C42: MARCA | D42: MODELO | E42: SERIAL | F42: FECHA DE CALIBRACIÓN | G42: FECHA PROGRAMADA PARA REGISTRO INICIAL | H42: FECHA PROGRAMADA DE COMPROBACIÓN 1
B43: PATRÓN | C43: BÁSCULA | D43: OCS-XZ-ST Accuracy | E43: RL1906915 | F43: N/A | G43: =F44 -> 45824 | H43: =G43+180 -> 46004
B44: INDICE BAJO VERIFICACIÓN (IBV) | C44: BBG | D44: TSC // VST3000 | E44: 810551 | F44: 45824
B46: DATOS Y RESULTADOS DE LA VERIFICACIÓN (2200 lb-f)
B47: Fecha | D47: 45904
B48: Responsable | D48: Andrés Felipe Ovalle
B49: VALOR PATRÓN (kg-f) | C49: VALOR PATRÓN (lb-f) | D49: VALOR INDICADOR VST (lb-f) REGISTRO INICIAL | E49: VALOR INDICADOR VST (lb-f) COMPROBACIÓN 1 | F49: ERROR (lb-f) | G49: Error permitido (lb-f) | H49: COMENTARIOS | I49: TEMPERATURA (°C) | J49: 0 | L49: Superior | M49: Inferior
B50: 0 | C50: =B50*2.205 -> 0 | D50: 1.21 | F50: =IF(E50="","",D50-E50) | G50: 20 | H50: =IF(AND(,F50>G50,F51>G51,F52>G52,F53>G53,F54>G54,F55>G55,F56>G56,F57>G57),"EQUIPO NO CUMPLE ESPECIFICACIÓN","EQUIPO CUMPLE ESPECIFICACIÓN") -> EQUIPO CUMPLE ESPECIFICACIÓN | I50: PRESIÓN ATMOSFERICA (hPa) | J50: 0 | L50: =G50 -> 20 | M50: =-G50 -> -20
B51: 142 | C51: =B51*2.205 -> 313.11 | D51: 307.49 | F51: =IF(E51="","",D51-E51) | G51: 20 | I51: HUMEDAD RELATIVA (%) | J51: 0 | L51: =G51 -> 20 | M51: =-G51 -> -20
B52: 284 | C52: =B52*2.205 -> 626.22 | D52: 618.35 | F52: =IF(E52="","",D52-E52) | G52: 20 | I52: ENTE CERTIFICADOR | J52: Servintegral | L52: =G52 -> 20 | M52: =-G52 -> -20
B53: 426 | C53: =B53*2.205 -> 939.33 | D53: 931.76 | F53: =IF(E53="","",D53-E53) | G53: 20 | I53: FECHA DE CALIBRACIÓN | J53: 45839 | L53: =G53 -> 20 | M53: =-G53 -> -20
B54: 568 | C54: =B54*2.205 -> 1252.44 | D54: 1239.7 | F54: =IF(E54="","",D54-E54) | G54: 20 | I54: Después de que el equipo llega, se confirma que calibrando con un tiempo calendario de 1 año, el equipo sigue cumpliendo con las especificaiones requeridas, por lo cual se mantiene el periodo de un año según lo establecido en la OIML 10 método 1 | L54: =G54 -> 20 | M54: =-G54 -> -20
B55: 710 | C55: =B55*2.205 -> 1565.55 | D55: 1547.63 | F55: =IF(E55="","",D55-E55) | G55: 20 | L55: =G55 -> 20 | M55: =-G55 -> -20
B56: 852 | C56: =B56*2.205 -> 1878.66 | D56: 1858.6 | F56: =IF(E56="","",D56-E56) | G56: 20 | L56: =G56 -> 20 | M56: =-G56 -> -20
B57: 998 | C57: =B57*2.205 -> 2200.59 | D57: 2175.53 | F57: =IF(E57="","",D57-E57) | G57: 20 | L57: =G57 -> 20 | M57: =-G57 -> -20
B59: Validación de software
B60: Registro inicial
B61: X | C61: Corrección | D61: Corrección curva | E61: Valor VST | F61: Valor curva
B62: -4.04 | C62: 5.26 | D62: 5.26 | E62: 1.21 | F62: 1.21
B63: 306.07 | C63: 1.42 | D63: 1.42 | E63: 307.49 | F63: 307.49
B64: 614.35 | C64: 3.99 | D64: 3.99 | E64: 618.35 | F64: 618.35
B65: 927.03 | C65: 4.73 | D65: 4.73 | E65: 931.76 | F65: 931.76
B66: 1237.51 | C66: 2.19 | D66: 2.19 | E66: 1239.7 | F66: 1239.7
B67: 1549.09 | C67: -1.47 | D67: -1.47 | E67: 1547.63 | F67: 1547.63
B68: 1862.52 | C68: -3.92 | D68: -3.92 | E68: 1858.6 | F68: 1858.6
B69: 2181.81 | C69: -6.29 | D69: -6.29 | E69: 2175.53 | F69: 2175.53
B71: Comprobación 1
B72: X | C72: Corrección | D72: Corrección curva | E72: Valor VST | F72: Valor curva
B73: 0 | C73: 0 | D73: 0 | E73: 0 | F73: 0
B74: 0 | C74: 0 | D74: 0 | E74: 0 | F74: 0
B75: 0 | C75: 0 | D75: 0 | E75: 0 | F75: 0
B76: 0 | C76: 0 | D76: 0 | E76: 0 | F76: 0
B77: 0 | C77: 0 | D77: 0 | E77: 0 | F77: 0
B78: 0 | C78: 0 | D78: 0 | E78: 0 | F78: 0
B79: 0 | C79: 0 | D79: 0 | E79: 0 | F79: 0
B80: 0 | C80: 0 | D80: 0 | E80: 0 | F80: 0
B82: INTRUMENTO | C82: MARCA | D82: MODELO | E82: SERIAL | F82: FECHA DE CALIBRACIÓN | G82: FECHA PROGRAMADA PARA REGISTRO INICIAL | H82: FECHA PROGRAMADA DE COMPROBACIÓN 1
B83: PATRÓN | C83: BÁSCULA | D83: OCS-XZ-ST Accuracy | E83: RL1906915 | F83: N/A | G83: =F84 -> 45824 | H83: =G83+180 -> 46004
B84: INDICE BAJO VERIFICACIÓN (IBV) | C84: TRUMAX | D84: SC-5Klb // VST3000 | E84: M190927007 | F84: 45824
B86: DATOS Y RESULTADOS DE LA VERIFICACIÓN (5000 lb-f)
B87: Fecha | D87: 45904
B88: Responsable | D88: Andrés Felipe Ovvale
B89: VALOR PATRÓN (kg-f) | C89: VALOR PATRÓN (lb-f) | D89: VALOR INDICADOR VST (lb-f) REGISTRO INICIAL | E89: VALOR INDICADOR VST (lb-f) COMPROBACIÓN 1 | F89: ERROR (lb-f) | G89: Error permitido (lb-f) | H89: COMENTARIOS | I89: TEMPERATURA (°C) | J89: 0 | L89: Superior | M89: Inferior
B90: 0 | C90: =B90*2.205 -> 0 | D90: 9.99 | F90: =IF(E90="","",D90-E90) | G90: 20 | H90: =IF(AND(,F90>G90,F91>G91,F92>G92,F93>G93,F94>G94,F95>G95,F96>G96,F97>G97),"EQUIPO NO CUMPLE ESPECIFICACIÓN","EQUIPO CUMPLE ESPECIFICACIÓN") -> EQUIPO CUMPLE ESPECIFICACIÓN | I90: PRESIÓN ATMOSFERICA (hPa) | J90: 0 | L90: =G90 -> 20 | M90: =-G90 -> -20
B91: 324 | C91: =B91*2.205 -> 714.42 | D91: 718.08 | F91: =IF(E91="","",D91-E91) | G91: 20 | I91: HUMEDAD RELATIVA (%) | J91: 0 | L91: =G91 -> 20 | M91: =-G91 -> -20
B92: 648 | C92: =B92*2.205 -> 1428.84 | D92: 1428.83 | F92: =IF(E92="","",D92-E92) | G92: 20 | I92: ENTE CERTIFICADOR | J92: Servintegral | L92: =G92 -> 20 | M92: =-G92 -> -20
B93: 972 | C93: =B93*2.205 -> 2143.26 | D93: 2148.75 | F93: =IF(E93="","",D93-E93) | G93: 20 | I93: FECHA DE CALIBRACIÓN | J93: 45839 | L93: =G93 -> 20 | M93: =-G93 -> -20
B94: 1296 | C94: =B94*2.205 -> 2857.68 | D94: 2865.2 | F94: =IF(E94="","",D94-E94) | G94: 20 | I94: Después de que el equipo llega, se confirma que calibrando con un tiempo calendario de 1 año, el equipo sigue cumpliendo con las especificaiones requeridas, por lo cual se mantiene el periodo de un año según lo establecido en la OIML 10 método 1 | L94: =G94 -> 20 | M94: =-G94 -> -20
B95: 1620 | C95: =B95*2.205 -> 3572.1 | D95: 3581.56 | F95: =IF(E95="","",D95-E95) | G95: 20 | L95: =G95 -> 20 | M95: =-G95 -> -20
B96: 1944 | C96: =B96*2.205 -> 4286.52 | D96: 4301.8 | F96: =IF(E96="","",D96-E96) | G96: 20 | L96: =G96 -> 20 | M96: =-G96 -> -20
B97: 2268 | C97: =B97*2.205 -> 5000.94 | D97: 5011.22 | F97: =IF(E97="","",D97-E97) | G97: 20 | L97: =G97 -> 20 | M97: =-G97 -> -20
B99: Validación de software
B100: Registro inicial
B101: X | C101: Corrección | D101: Corrección curva | E101: Valor VST | F101: Valor curva
B102: 4.17 | C102: 5.82 | D102: 5.82 | E102: 9.99 | F102: 9.99
B103: 714.02 | C103: 4.06 | D103: 4.06 | E103: 718.08 | F103: 718.08
B104: 1423.05 | C104: 5.78 | D104: 5.78 | E104: 1428.83 | F104: 1428.83
B105: 2137.07 | C105: 11.67 | D105: 11.67 | E105: 2148.75 | F105: 2148.74
B106: 2848.6 | C106: 16.6 | D106: 16.6 | E106: 2865.2 | F106: 2865.2
B107: 3560.95 | C107: 20.61 | D107: 20.61 | E107: 3581.56 | F107: 3581.56
B108: 4274.98 | C108: 26.82 | D108: 26.82 | E108: 4301.8 | F108: 4301.8
B109: 4984.84 | C109: 26.38 | D109: 26.38 | E109: 5011.22 | F109: 5011.22
B111: Comprobación 1
B112: X | C112: Corrección | D112: Corrección curva | E112: Valor VST | F112: Valor curva
...

Sheet DERIVA
B3: DERIVA INSTRUMENTOS AÑO A AÑO
B5: Additel | C5: Momento 0 | F5: Año 1
B6: 1 | C6: -0.2 | D6: 0 | E6: 0
B7: 2 | C7: 0.2 | D7: 0 | E7: 0
B8: 3 | C8: -0.1 | D8: 0 | E8: 0
B9: 4 | C9: -0.2 | D9: 0 | E9: 0
B10: 5 | C10: -0.2 | D10: 0 | E10: 0
B11: 6 | C11: 0 | D11: 0 | E11: 0
B12: 7 | C12: 0.4 | D12: 0 | E12: 0
B13: 8 | C13: -0.1 | D13: 0 | E13: 0
B14: 9 | C14: -0.1 | D14: 0 | E14: 0
B15: 10 | C15: -0.3 | D15: 0 | E15: 0
B17: Crystal 1K | C17: Momento 0 | F17: Año 1
B18: 1 | C18: 0.061 | D18: 0 | E18: 0
B19: 2 | C19: 0.086 | D19: 0 | E19: 0
B20: 3 | C20: 0.086 | D20: 0 | E20: 0
B21: 4 | C21: 0.086 | D21: 0 | E21: 0
B22: 5 | C22: 0.061 | D22: 0 | E22: 0
B23: 6 | C23: 0.111 | D23: 0 | E23: 0
B24: 7 | C24: 0.161 | D24: 0 | E24: 0
B25: 8 | C25: 0.186 | D25: 0 | E25: 0
B26: 9 | C26: 0.186 | D26: 0 | E26: 0
B27: 10 | C27: 0.186 | D27: 0 | E27: 0
B29: Crystal 5K | C29: Momento 0 | F29: Año 1
B30: 1 | C30: 0.36 | D30: 0 | E30: 0
B31: 2 | C31: 0.4 | D31: 0 | E31: 0
B32: 3 | C32: 0.41 | D32: 0 | E32: 0
B33: 4 | C33: 0.18 | D33: 0 | E33: 0
B34: 5 | C34: 0.65 | D34: 0 | E34: 0
B35: 6 | C35: 0.42 | D35: 0 | E35: 0
B36: 7 | C36: 0.8 | D36: 0 | E36: 0
B37: 8 | C37: 0.57 | D37: 0 | E37: 0
B38: 9 | C38: 0.96 | D38: 0 | E38: 0
B39: 10 | C39: 0.46 | D39: 0 | E39: 0

Sheet OBSOLETOS
C1: CONTROL CALIBRACIÓN EQUIPOS E INSTRUMENTOS
C3: CODIGO | D3: OYS-FO-42 | F3: VERSION | G3: 04 | I3: FECHA | J3: 45803
C6: Fecha de actualización | E6: 45709
C9: CONTROL CALIBRACIÓN EQUIPOS E INSTRUMENTOS
A12: OBSOLETOS
A13: IDENTIFICACIÓN | B13: EQUIPO / INSTRUMENTO | C13: FABRICANTE | D13: CERTIFICADO No. | E13: MODELO | F13: SERIE | G13: FECHA DE CALIBRACION | H13: FECHA PROXIMA CALIBRACIÓN | I13: ESTADO | J13: RANGO | K13: FECHA DE SALIDA
A14: TP-006 | B14: TRANSMISOR DE PRESION CON INDICACION DIGITAL | C14: DANFOSS | D14: MIS-LP-2023-0462 | E14: MBS3000 | F14: 3626 | G14: 45274 | H14: =+G14+365 -> 45639 | I14: =IF(H14<TODAY(),"VENCIDO",IF(H14-TODAY()<15,"PROXIMO A VENCER","CERTIFICADO")) -> VENCIDO | J14: 0-3625 PSI | K14: 45541
A15: TP-007 | B15: TRANSMISOR DE PRESION CON INDICACION DIGITAL | C15: RITHERM | D15: PLAB-23-479 | E15: - | F15: NPIR-23-154 | G15: 45062 | H15: =+G15+365 -> 45427 | I15: =IF(H15<TODAY(),"VENCIDO",IF(H15-TODAY()<15,"PROXIMO A VENCER","CERTIFICADO")) -> VENCIDO | J15: 0-1000 PSI | K15: 45621

Sheet CONTROL DE CAMBIOS
C1: CONTROL CALIBRACIÓN EQUIPOS E INSTRUMENTOS
C3: CODIGO | D3: OYS-FO-42 | E3: VERSION | F3: 05 | G3: FECHA | H3: 45950
A5: CONTROL DE CAMBIOS
A7: FECHA | B7: VERSIÓN | C7: DESCRIPCIÓN | G7: AUTOR
A8: 45244 | B8: 01 | C8: Creación del documento | G8: Andres Felipe Ovalle Ortiz Asesor Comercial
A9: 45440 | B9: 02 | C9: Cambio estructura formato | G9: Andres Felipe Ovalle Ortiz Asesor Comercial
A10: 45709 | B10: 03 | C10: Se agregan los verificaciones internas para controlar los manómetros de presión, adicionalmente de agregan etiquetas para la identificación de los equipos | G10: Andres Felipe Ovalle Ortiz Asesor Comercial
A11: 45803 | B11: 04 | C11: Se integro otra hoja para evaluar la deriva de los manómetros, adicional se modificó la estructura de las verificaciones y se añadieron la información completa de todos los equipos comprados a la fecha | G11: Andres Felipe Ovalle Ortiz Asesor Comercial
A12: 45950 | B12: 05 | C12: Se adiciono columna de estado fisico y estado donde se implemento el sistema de semaforo. | G12: Wilder Alberto
A17: CONTROL DE REVISIONES
A18: ELABORADO POR | C18: REVISADO POR | E18: APROBADO POR
A20: Nombre: | B20: Andres Felipe Ovalle Ortiz | C20: Nombre: | D20: Maria de Jesus Mora Gomez | E20: Nombre: | F20: Carlos Alberto Suarez Franco
A21: Cargo: | B21: Asesor Comercial | C21: Cargo: | D21: Directora administrativa y financiera | E21: Cargo: | F21: Gerente General
A22: Fecha: | B22: 45950 | C22: Fecha: | D22: 45950 | E22: Fecha: | F22: 45950
